ISO3,Name,1995,1996,1997,1998,1999,2000,2001,2002,2003,2004,2005,2006,2007,2008,2009,2010,2011,2012,2013,2014,2015,2016,2017,2018,2019,2020,2021,2022
AFG,Afghanistan,0.309357467,0.309356647,0.311054383,0.312752162,0.311233058,0.309714554,0.31590257,0.3221069,0.325739889,0.321417777,0.268686922,0.234549075,0.228406175,0.222309237,0.222489592,0.221522091,0.211899619,0.227326382,0.229081439,0.245571497,0.244570882,0.255770063,0.246029862,0.241010608,0.248741123,0.237494551,0.247010486,0.250170592
ALB,Albania,0.333185966,0.333750662,0.330339282,0.326430692,0.327659148,0.328646845,0.334580326,0.340816531,0.338947414,0.347197531,0.336162101,0.323886903,0.336992045,0.350108756,0.370361513,0.371603712,0.370484429,0.377778421,0.390705632,0.41439624,0.419362854,0.413485079,0.414570437,0.416876485,0.410337698,0.41051982,0.415554363,0.421475226
DZA,Algeria,0.300507264,0.301637545,0.298161339,0.294991705,0.298912377,0.302998239,0.309000679,0.315359751,0.32074735,0.329537968,0.330455731,0.297265816,0.297477329,0.30044067,0.293300562,0.282221511,0.275526206,0.275895596,0.288822662,0.286183387,0.290977146,0.300840096,0.323634146,0.324980497,0.325884378,0.32831236,0.332142729,0.337639984
AND,Andorra,0.12289023,0.126098132,0.129677086,0.136493795,0.141061489,0.145331142,0.148170371,0.148863478,0.160754386,0.176119625,0.191590215,0.211882501,0.241196911,0.24864164,0.262798331,0.270970568,0.275343021,0.279292678,0.285358113,0.285908434,0.291700495,0.298304111,0.302246481,0.303512849,0.34324513,0.350236958,0.35209519,0.397004792
AGO,Angola,0.190139265,0.190138787,0.188786902,0.187430634,0.188144381,0.18891565,0.19685046,0.20480772,0.217630267,0.217220088,0.208659621,0.186516487,0.189483191,0.19623593,0.203915058,0.189723493,0.18781437,0.200504178,0.209312294,0.216402585,0.211777056,0.239973526,0.242696464,0.254305319,0.257704777,0.260157018,0.266714008,0.270459219
ATG,Antigua and Barbuda,0.457270268,0.457783919,0.458588647,0.459371235,0.460625033,0.462766273,0.463583948,0.466756797,0.470105524,0.471185941,0.48475698,0.463616901,0.466732754,0.47415303,0.47672772,0.487170459,0.48078276,0.489363988,0.483123348,0.457540702,0.464268451,0.457376894,0.438820192,0.451555912,0.453211329,0.451754052,0.448117282,0.449569467
ARG,Argentina,0.382313209,0.385285313,0.379622807,0.375364078,0.375737262,0.377439898,0.350960436,0.332445149,0.342285529,0.34571529,0.368175246,0.344259137,0.355768701,0.348962181,0.345288411,0.353880511,0.357222254,0.351446083,0.340572044,0.332769622,0.335900456,0.37223934,0.376074105,0.379087948,0.376781771,0.381977892,0.376861178,0.37582632
ARM,Armenia,0.377558922,0.373510332,0.365635109,0.374135856,0.380407417,0.382935949,0.391268816,0.409177751,0.421604397,0.409100027,0.432076093,0.414721795,0.422382796,0.440638273,0.429615814,0.430811706,0.430932843,0.440857639,0.45673852,0.470756779,0.478555182,0.489311126,0.487574368,0.499079328,0.510610348,0.504434595,0.504011207,0.501353573
AUS,Australia,0.586235987,0.589630037,0.591715177,0.595821993,0.602889904,0.611086937,0.616697262,0.619514731,0.624422637,0.633602617,0.638569235,0.682435602,0.68962744,0.69764761,0.689414122,0.696457701,0.700222452,0.703723205,0.714300167,0.715788781,0.712159488,0.711084836,0.696643989,0.700983122,0.699044908,0.686581182,0.699247103,0.696994032
AUT,Austria,0.604970369,0.611505095,0.613075043,0.614049978,0.618109777,0.621912432,0.630363563,0.636964695,0.63436836,0.64039417,0.649697579,0.679618458,0.691132045,0.688329485,0.671798633,0.678966257,0.679493924,0.68473662,0.699588068,0.712948429,0.708937771,0.692095287,0.695271262,0.695418506,0.690671927,0.686400454,0.684133576,0.678961147
AZE,Azerbaijan,0.316554066,0.3142224,0.319474944,0.32474102,0.326493381,0.32796652,0.330260077,0.367299766,0.373647565,0.377490586,0.384093221,0.337488657,0.341087651,0.338533059,0.374664564,0.364756642,0.367480184,0.362062056,0.383159067,0.409013282,0.417000565,0.437073168,0.426185233,0.428040446,0.448320655,0.434419968,0.448620643,0.444347915
BHS,Bahamas,0.444754082,0.445208464,0.448214535,0.451567013,0.455223417,0.459851218,0.463260067,0.468716819,0.465743607,0.468963712,0.489125668,0.551485399,0.555823646,0.459562205,0.449840071,0.447877883,0.448560077,0.453027765,0.443986478,0.449112364,0.443311285,0.436232421,0.429057899,0.426422199,0.427055895,0.422481423,0.425700929,0.425833488
BHR,Bahrain,0.381434307,0.381587149,0.385959246,0.390745795,0.394541754,0.400380213,0.415612508,0.42927764,0.424991764,0.4247068,0.434890557,0.491832782,0.506018438,0.451470831,0.458182649,0.455853435,0.462811152,0.46671154,0.467174261,0.485864864,0.482684079,0.472111757,0.464978703,0.466655984,0.473098173,0.502535036,0.52134368,0.5299319
BGD,Bangladesh,0.338089293,0.337929224,0.340170719,0.342290065,0.336039516,0.329796275,0.325040266,0.319583115,0.314403711,0.308089273,0.329702768,0.406985486,0.420117779,0.426181829,0.42776944,0.454882797,0.457886451,0.459416156,0.460580163,0.254640561,0.251795399,0.267886646,0.268419236,0.272156024,0.27253086,0.277901613,0.278501827,0.27484091
BRB,Barbados,0.471708997,0.472241847,0.474803159,0.477283283,0.479253951,0.486209535,0.488023832,0.495716123,0.502127742,0.507720117,0.532048628,0.596963484,0.610610015,0.610916934,0.610116681,0.6315271,0.64090183,0.511484406,0.515312247,0.511135368,0.525729974,0.511203293,0.520073381,0.521194612,0.525379661,0.536458197,0.591925326,0.593347108
BLR,Belarus,0.371450359,0.377663294,0.378089742,0.38448529,0.385256489,0.383998166,0.383090546,0.380926595,0.404317245,0.399925843,0.397882247,0.350204279,0.371096188,0.392672629,0.435273165,0.434907868,0.446617921,0.476039954,0.480346754,0.473827607,0.472542818,0.488654416,0.511087286,0.513170199,0.515894068,0.489199973,0.483025773,0.466394436
BEL,Belgium,0.544191092,0.548777229,0.546059609,0.536687228,0.538068722,0.546174883,0.550275824,0.558292184,0.550835964,0.552146663,0.54616016,0.571237536,0.577457122,0.586767734,0.593845612,0.586897482,0.587903845,0.595010888,0.601529962,0.613973566,0.613655693,0.604566622,0.598465211,0.590958405,0.590674715,0.597543911,0.598901204,0.598332633
BLZ,Belize,0.37391153,0.382184428,0.378382704,0.380941003,0.378943923,0.378254729,0.378729466,0.379698802,0.384454171,0.375304998,0.395327412,0.339128422,0.34026731,0.33817453,0.338043658,0.337151047,0.325980927,0.332373515,0.334971051,0.331755242,0.331404931,0.327808568,0.327419657,0.327200064,0.327902887,0.334313716,0.329923239,0.335117353
BEN,Benin,0.355458682,0.355486284,0.352905354,0.35023738,0.348423256,0.346742341,0.34265038,0.338658615,0.337798076,0.330867486,0.316805819,0.302314091,0.305801764,0.301780589,0.28978543,0.273169773,0.277185421,0.274724671,0.286835809,0.288823651,0.302833404,0.309293106,0.320559752,0.331234104,0.325563841,0.332659927,0.334732897,0.338375813
BTN,Bhutan,0.371508961,0.37153106,0.370254262,0.369048932,0.366363992,0.363930048,0.363369833,0.362855456,0.38742481,0.377026023,0.391698366,0.378804388,0.398351062,0.407966594,0.400498077,0.391505635,0.390657718,0.394397959,0.402345305,0.430985217,0.432537993,0.462989857,0.479227794,0.479250492,0.481280807,0.479929376,0.475488717,0.478080566
BOL,"Bolivia, Plurinational State of",0.313399608,0.313616726,0.318360231,0.320285122,0.315006767,0.308402864,0.309770619,0.303905982,0.302247323,0.308432776,0.278435888,0.269038776,0.273421142,0.274349506,0.275189289,0.280074688,0.284048554,0.276204936,0.284643884,0.280682474,0.276169688,0.278120469,0.28364408,0.283863868,0.27656036,0.280425772,0.282839935,0.279937513
BIH,Bosnia and Herzegovina,0.336248388,0.33632372,0.330692991,0.32510066,0.327249761,0.33133775,0.33986512,0.342066291,0.341874628,0.356354282,0.342435644,0.320309701,0.324563371,0.333899463,0.334108013,0.333755417,0.34277508,0.349093996,0.363680966,0.381411905,0.36739249,0.37127022,0.377106748,0.375062051,0.367260221,0.363598933,0.366360383,0.368365736
BWA,Botswana,0.375876837,0.376157289,0.377876856,0.379729644,0.380999784,0.382976718,0.38103428,0.378183109,0.395411795,0.38364827,0.397048775,0.382854636,0.388029101,0.391436136,0.393086867,0.390626609,0.389198188,0.396617585,0.402175824,0.423205838,0.417404316,0.434473989,0.427005444,0.427908097,0.43282212,0.429481282,0.432852259,0.434064329
BRA,Brazil,0.348736189,0.34803392,0.349149535,0.350107197,0.355469464,0.360644619,0.363962009,0.368698806,0.366212399,0.362095021,0.369934015,0.400723221,0.404796163,0.412707038,0.426819844,0.443653098,0.446037342,0.44440817,0.442678198,0.356697953,0.348724636,0.352081473,0.345921176,0.343836779,0.349509151,0.354151771,0.35252804,0.353960407
BRN,Brunei Darussalam,0.441824541,0.443170117,0.435221346,0.427499401,0.43182405,0.435132132,0.437809746,0.436800837,0.439081469,0.448492128,0.459127692,0.526047182,0.443942598,0.449161302,0.474685364,0.473607338,0.47464938,0.475563421,0.484090765,0.502804421,0.496671127,0.498781782,0.498396214,0.522202192,0.514004126,0.532892594,0.530803069,0.535065087
BGR,Bulgaria,0.392134832,0.39964799,0.422940262,0.423020897,0.419201932,0.410932345,0.412990655,0.426187064,0.43287344,0.436943413,0.438623131,0.4358347,0.44019554,0.441248724,0.447324909,0.442368579,0.446018249,0.450250721,0.455058152,0.465478655,0.46696794,0.466042791,0.466363706,0.464953435,0.466580481,0.45987865,0.458535982,0.457723656
BFA,Burkina Faso,0.304971642,0.30495144,0.306810899,0.308728296,0.312276647,0.315733802,0.312627684,0.309589138,0.309849802,0.310176956,0.293105678,0.253302107,0.26639646,0.27103861,0.286159964,0.284975489,0.277609245,0.276823073,0.271327565,0.274492624,0.277149526,0.29815919,0.29903322,0.297620143,0.289563181,0.285601345,0.287483951,0.283529782
BDI,Burundi,0.237762507,0.237758848,0.2373099,0.236862742,0.242663702,0.248539415,0.251022089,0.253843692,0.254235474,0.251734041,0.257310115,0.232797688,0.230553387,0.230146489,0.227815636,0.205495154,0.200679517,0.200832885,0.228752691,0.272273526,0.255546937,0.266625557,0.267219923,0.26462153,0.264656969,0.262148919,0.26820154,0.272169239
KHM,Cambodia,0.28218493,0.282427382,0.282051343,0.282050347,0.286759262,0.29147762,0.290759598,0.290269551,0.288124265,0.289022071,0.278706763,0.269522021,0.271042048,0.276806574,0.27671366,0.273061349,0.276458421,0.288213627,0.280514398,0.286489256,0.282975989,0.29186732,0.287250012,0.285976766,0.286409832,0.283255353,0.287327057,0.289287208
CMR,Cameroon,0.261880538,0.261885452,0.267590031,0.273309707,0.275078845,0.276734822,0.275037854,0.273893323,0.284962143,0.287900992,0.275608401,0.252391559,0.251326463,0.250319551,0.247853768,0.242298779,0.250096319,0.250839316,0.254532318,0.25668088,0.253393301,0.263046688,0.259729392,0.259423758,0.257714047,0.259354349,0.260352829,0.262502537
CAN,Canada,0.592898001,0.594564625,0.59706465,0.593524282,0.601158055,0.607058248,0.607830189,0.60854214,0.607308683,0.621674722,0.634346172,0.679130731,0.679635,0.68360344,0.685266354,0.665408501,0.673207353,0.671894435,0.674380523,0.687060588,0.678880449,0.668254238,0.66475743,0.655831744,0.653408286,0.646809114,0.651409062,0.650276513
CPV,Cape Verde,0.405293223,0.405402074,0.403884653,0.402371757,0.406671525,0.411182119,0.397050837,0.384062871,0.388273092,0.388593423,0.414773329,0.385110219,0.387547863,0.393796099,0.397032421,0.394395569,0.410728669,0.417601567,0.420289253,0.438591145,0.44120919,0.43748565,0.437244327,0.436723565,0.436767073,0.443848368,0.449140619,0.449691672
CAF,Central African Republic,0.253128812,0.253139032,0.253787201,0.254435162,0.251996792,0.249501468,0.249993458,0.250479831,0.242357231,0.228842119,0.219103306,0.160299567,0.157368963,0.157822403,0.157471625,0.136518446,0.136309903,0.143565761,0.126804257,0.114612892,0.118633633,0.141756571,0.139117968,0.138179054,0.137654136,0.132108935,0.135983242,0.135861601
TCD,Chad,0.245191272,0.245192234,0.244200172,0.243276911,0.245092157,0.246919018,0.246130743,0.245396476,0.236100435,0.23964734,0.220261503,0.174920034,0.173785412,0.165307074,0.171681968,0.161188366,0.163252651,0.168887813,0.167991936,0.165354673,0.170119273,0.183868094,0.186044764,0.184920714,0.187964565,0.191494664,0.189978956,0.188640937
CHL,Chile,0.443298119,0.44480309,0.437164857,0.431876416,0.442701007,0.45467748,0.461039621,0.470680243,0.460755819,0.467290909,0.480485376,0.49538506,0.507652575,0.511775708,0.507912181,0.519710668,0.526010303,0.542145155,0.547935456,0.566337729,0.559190579,0.543369378,0.542406755,0.5433374,0.534750093,0.533976739,0.538063132,0.536889518
CHN,China,0.362564786,0.363551876,0.360305933,0.357102481,0.35853962,0.362960567,0.358020576,0.35537452,0.364626177,0.368488711,0.397418736,0.476343811,0.491239786,0.510935487,0.523987286,0.560520189,0.56595423,0.570607611,0.577778868,0.43379824,0.44636777,0.448545733,0.459232785,0.464857793,0.531016575,0.548373067,0.554115454,0.557006608
COL,Colombia,0.288939595,0.289353607,0.289706537,0.290666754,0.291229762,0.294409063,0.297638044,0.300818626,0.298941504,0.305052345,0.316302423,0.295595173,0.301812763,0.314016203,0.327700285,0.340874745,0.355548638,0.35513333,0.357257282,0.380363994,0.379590611,0.378574349,0.376977446,0.373749461,0.371744717,0.374571672,0.37174025,0.376664782
COM,Comoros,0.314854907,0.314869925,0.315785573,0.316716617,0.310567347,0.304380985,0.315089156,0.325759709,0.305966464,0.30383819,0.317713458,0.27459221,0.264718874,0.260445065,0.260122343,0.264236128,0.267045341,0.267754771,0.283242623,0.29780843,0.291734935,0.301132711,0.299286187,0.289037373,0.285955609,0.280723303,0.281436488,0.28291247
COG,Congo,0.267301982,0.26730747,0.256760001,0.246212487,0.25584368,0.26689317,0.263174931,0.259896473,0.26237698,0.267588176,0.248221798,0.220265374,0.22349644,0.22471829,0.230955884,0.217160106,0.213585736,0.205911583,0.20901727,0.217907444,0.211899716,0.234157604,0.225773101,0.229615141,0.229535813,0.226761763,0.231840583,0.235179134
COD,"Congo, the Democratic Republic o",0.233881926,0.233704104,0.233517424,0.233340642,0.233164186,0.233501483,0.233876102,0.234347218,0.234872893,0.235409272,0.215571091,0.153581714,0.152158289,0.151946625,0.151894679,0.126398862,0.146693856,0.147977681,0.151246297,0.150830298,0.163515033,0.207751728,0.204139993,0.211303099,0.20953588,0.210913163,0.2116237,0.211828835
CRI,Costa Rica,0.39350232,0.39224445,0.400365285,0.405899437,0.401281483,0.398259691,0.391947663,0.392504339,0.391566832,0.388696508,0.396736351,0.373635428,0.37560625,0.387310173,0.396398835,0.408938819,0.403452338,0.417380955,0.430938654,0.454047578,0.459373233,0.452649129,0.448792081,0.450296836,0.452307092,0.452511904,0.449575117,0.453366701
CIV,Cote d'Ivoire,0.310649664,0.309755177,0.304702631,0.299162353,0.284014381,0.269087851,0.26450186,0.25991951,0.250857344,0.235707112,0.21734172,0.179513679,0.196756676,0.194815034,0.200732961,0.183477255,0.184224331,0.197848372,0.209849124,0.247783248,0.264192922,0.285795591,0.282185068,0.291211633,0.297598357,0.301121825,0.311357634,0.317986034
HRV,Croatia,0.393769041,0.395035319,0.399643464,0.403327364,0.415907162,0.432740432,0.448202928,0.457924487,0.472134956,0.480338166,0.46845242,0.449650766,0.460392937,0.460571768,0.455354803,0.469117437,0.466666639,0.465442336,0.474708948,0.481249555,0.485379226,0.488714132,0.484751381,0.487319987,0.493298033,0.485549541,0.484770592,0.488900987
CUB,Cuba,0.264302347,0.261830935,0.260444133,0.257602713,0.270124657,0.276165476,0.278259126,0.279336157,0.276505217,0.300036484,0.319811058,0.353093997,0.374411019,0.387233414,0.381018411,0.358771172,0.341750595,0.324446597,0.309586473,0.312201187,0.314054289,0.323292139,0.339191675,0.338223974,0.343013986,0.343864825,0.347216478,0.349763099
CYP,Cyprus,0.451689607,0.452547134,0.450344341,0.448406361,0.452341594,0.457169774,0.459938696,0.465682001,0.476521088,0.470928384,0.49788035,0.573399781,0.576986674,0.595071864,0.50155617,0.499832001,0.492231801,0.49848807,0.502491961,0.518611682,0.518794479,0.506447275,0.519826781,0.514632287,0.522213046,0.517672338,0.521038846,0.519904236
CZE,Czech Republic,0.462973387,0.463758273,0.458775816,0.456539929,0.446526673,0.438110589,0.454254901,0.468742915,0.47632976,0.470258174,0.478050027,0.486807168,0.496620791,0.505641145,0.504357855,0.518515944,0.529138357,0.533221837,0.547508713,0.563403669,0.566133899,0.557333298,0.565053358,0.560595604,0.560484745,0.554135067,0.555860056,0.556284759
DNK,Denmark,0.652090613,0.654416364,0.656171745,0.659869897,0.666046031,0.67133388,0.675111792,0.682324873,0.685332331,0.690837784,0.695887276,0.755800808,0.762331168,0.759904375,0.756344562,0.764871825,0.775026121,0.777791879,0.788597117,0.796746987,0.795915777,0.772937942,0.771717582,0.76983778,0.767041563,0.773241648,0.768363892,0.769795864
DJI,Djibouti,0.312951578,0.31296339,0.310283784,0.307561422,0.314901375,0.32226412,0.32201343,0.32180314,0.313026422,0.327227738,0.331369916,0.288367671,0.295963422,0.312770479,0.31851978,0.300536307,0.294342378,0.296972789,0.292726938,0.301794527,0.307191152,0.299458296,0.316660292,0.323904097,0.325990765,0.325392489,0.324089785,0.323934713
DMA,Dominica,0.589318198,0.589318198,0.58942969,0.589541182,0.585864085,0.582186987,0.582163681,0.582140374,0.584502115,0.581204082,0.609035901,0.551214197,0.542563136,0.545498592,0.541761094,0.538016807,0.535830623,0.529742292,0.537857908,0.543578198,0.541140926,0.532643478,0.534243652,0.528769383,0.5135637,0.519940854,0.518117791,0.519424841
DOM,Dominican Republic,0.315247486,0.315324283,0.308864719,0.304739966,0.308182674,0.312065914,0.318238062,0.319831579,0.308077229,0.312968534,0.308128241,0.313565935,0.321971347,0.336459294,0.353193733,0.345096447,0.339569416,0.348380775,0.347599071,0.360660365,0.361892591,0.355301745,0.350958697,0.348421331,0.351252974,0.355760086,0.363038461,0.367039122
ECU,Ecuador,0.295326029,0.295915294,0.301215817,0.307507906,0.293645754,0.289995387,0.286477762,0.283516379,0.284519572,0.29024061,0.286060432,0.283586044,0.287577234,0.293235336,0.294352895,0.289558108,0.295791491,0.302332896,0.310687697,0.315859078,0.312862977,0.332944623,0.330817556,0.334238356,0.336797713,0.342902192,0.348039064,0.346439229
EGY,Egypt,0.348347107,0.348920706,0.349628376,0.35034905,0.349832072,0.34899262,0.344979748,0.343383396,0.334745344,0.333512374,0.325040483,0.282047984,0.29549139,0.322494051,0.334780551,0.3375108,0.325377215,0.326126215,0.319819162,0.329036627,0.329594541,0.327248925,0.33263712,0.336729727,0.340579406,0.345832522,0.351349971,0.348059729
SLV,El Salvador,0.296087651,0.293892995,0.295492064,0.2972012,0.302590878,0.304253274,0.302637839,0.303617392,0.306977273,0.321414102,0.315966932,0.333045888,0.336668319,0.343960343,0.356045446,0.352406312,0.354940108,0.351316648,0.349934553,0.357775552,0.349289533,0.337065731,0.333032752,0.338708292,0.343816497,0.344212873,0.340599509,0.338719418
GNQ,Equatorial Guinea,0.273183853,0.273234178,0.272188362,0.271205341,0.271307224,0.27153549,0.270620506,0.269938315,0.279649207,0.27442121,0.291092201,0.248827716,0.256795,0.25697611,0.255859887,0.252877834,0.250443528,0.250790041,0.251907089,0.246204292,0.244397364,0.250626769,0.241638595,0.24803052,0.250750018,0.252783185,0.251856093,0.254640432
ERI,Eritrea,0.307866048,0.307573624,0.30778195,0.307978496,0.308268322,0.308168969,0.308724816,0.308486196,0.292175874,0.288017848,0.253415229,0.220651432,0.216083258,0.219000341,0.215293914,0.207702877,0.206650568,0.201937443,0.199733066,0.20495239,0.194979956,0.212820986,0.213718582,0.215257927,0.214443149,0.218316155,0.218487586,0.214651743
EST,Estonia,0.455688324,0.46134063,0.464549952,0.468520396,0.473492454,0.483825612,0.490221328,0.496164785,0.500313505,0.508602531,0.52044949,0.585834665,0.593990611,0.608692211,0.611902014,0.619239482,0.6139861,0.603062228,0.614819995,0.642919881,0.638872316,0.61799865,0.61944153,0.616895728,0.620749643,0.616185643,0.619704279,0.620680416
ETH,Ethiopia,0.280684542,0.283808624,0.290991123,0.298129076,0.297984931,0.294915616,0.295882569,0.296801301,0.296856542,0.300669672,0.286105927,0.284032872,0.286009365,0.284443286,0.281247932,0.284389933,0.286747035,0.281795462,0.281962258,0.287302141,0.28598571,0.302504815,0.296969346,0.313068531,0.313129311,0.302186596,0.293963607,0.29585137
FJI,Fiji,0.394255264,0.394383926,0.394957439,0.395677889,0.383731053,0.372097408,0.379880647,0.388489052,0.378078837,0.374563917,0.379622476,0.415521011,0.414147749,0.411481019,0.392178101,0.399922462,0.413117389,0.412454673,0.412302029,0.441554586,0.445482222,0.457483362,0.468326013,0.478282552,0.483013231,0.474411478,0.476086539,0.475091666
FIN,Finland,0.671413572,0.672331082,0.676433234,0.682879035,0.688704798,0.693184084,0.69646374,0.701327211,0.704398786,0.705846097,0.717714961,0.753532139,0.754594894,0.758051523,0.754423848,0.764663017,0.76487163,0.77342749,0.778628717,0.78918404,0.771217894,0.751115863,0.751799641,0.747922261,0.745348479,0.750874127,0.755013455,0.753812328
FRA,France,0.584117349,0.586659796,0.584885835,0.582903969,0.586146063,0.588792347,0.590493081,0.589842097,0.590305454,0.596793337,0.599056762,0.617894628,0.636290991,0.63985655,0.64426878,0.659176282,0.656624245,0.655980387,0.652757448,0.662370173,0.661781222,0.649316891,0.654301074,0.650758578,0.665197069,0.64718762,0.655434015,0.654164662
GAB,Gabon,0.366819443,0.366876614,0.373345941,0.37979757,0.385251721,0.392374939,0.390216695,0.388843566,0.384830396,0.376004387,0.409038812,0.31248714,0.310754783,0.304771047,0.30266654,0.298331885,0.298117237,0.302093384,0.299430188,0.307686713,0.300719795,0.303526606,0.299107233,0.297116845,0.294323526,0.298696455,0.300146856,0.298934087
GMB,Gambia,0.368301146,0.368253394,0.370220451,0.372181389,0.373400524,0.374642016,0.378953635,0.383231202,0.385503948,0.367277025,0.382921111,0.315815438,0.320809581,0.317565246,0.319662273,0.306843405,0.309809858,0.307081611,0.305286267,0.306898975,0.306937735,0.295398033,0.308991707,0.308176303,0.312368726,0.323318186,0.319131199,0.32344641
GEO,Georgia,0.321587803,0.321307547,0.322911688,0.3317229,0.339825137,0.347709131,0.346354537,0.334449609,0.351095765,0.370979808,0.376537356,0.369366684,0.430528462,0.438712678,0.449389164,0.471234359,0.47813241,0.498053414,0.517909149,0.55305568,0.548859761,0.552171261,0.557640506,0.564757257,0.5669779,0.565783378,0.571676791,0.572943423
DEU,Germany,0.619961376,0.621718686,0.621902853,0.622392599,0.627499431,0.634078813,0.634539279,0.637789806,0.631898245,0.634011059,0.641633082,0.684255183,0.690619814,0.687331201,0.681940087,0.698075774,0.696015574,0.697306127,0.705007471,0.725371499,0.713779608,0.697405347,0.694829452,0.694861324,0.692053053,0.687224296,0.691629348,0.688689763
GHA,Ghana,0.328303493,0.328316191,0.328470322,0.328625419,0.335004372,0.341405759,0.335556352,0.329837109,0.336549773,0.333630207,0.32737593,0.326764603,0.332802482,0.341217608,0.349338961,0.347150136,0.352146777,0.350239595,0.357244178,0.345404773,0.348170249,0.345469096,0.350978783,0.350110473,0.350983508,0.347030063,0.34641327,0.347962011
GRC,Greece,0.425864124,0.429660848,0.437998029,0.443951149,0.449746419,0.457119423,0.464115933,0.468502663,0.468814613,0.475129508,0.47097285,0.497417205,0.495878753,0.49327822,0.494443852,0.493630899,0.485004655,0.477450335,0.494742938,0.507961752,0.51130492,0.501600523,0.501578372,0.510646327,0.516941288,0.525216332,0.531256205,0.52973972
GRD,Grenada,0.475010797,0.475316555,0.476441454,0.477191881,0.477490769,0.478327814,0.478259792,0.481480223,0.487789264,0.482943865,0.500655148,0.440252589,0.43429195,0.429833299,0.4315919,0.449830414,0.462439256,0.470715457,0.483228167,0.499891545,0.517558803,0.521682968,0.518510385,0.511810128,0.513751138,0.518106028,0.532080943,0.53441322
GTM,Guatemala,0.27001308,0.269735979,0.274766086,0.278987377,0.280122202,0.282268577,0.279872575,0.277815918,0.276275116,0.287717053,0.278231208,0.258196069,0.268870446,0.274351588,0.274266913,0.286990657,0.286258194,0.283156224,0.290024688,0.311840729,0.314871805,0.31602909,0.310272986,0.308134485,0.314843405,0.30962433,0.308435161,0.309441748
GIN,Guinea,0.291372954,0.291317197,0.294836724,0.298387285,0.289194114,0.280010451,0.286523006,0.293105653,0.301168351,0.294756962,0.278936968,0.23295599,0.221946854,0.23285545,0.234260281,0.233673904,0.241238996,0.247287096,0.262553983,0.278065046,0.293944095,0.306678007,0.303734353,0.302519537,0.309376289,0.309550968,0.307720526,0.308932873
GNB,Guinea-Bissau,0.298975576,0.298983093,0.292500944,0.286027996,0.30486203,0.323785356,0.32294412,0.32231374,0.322715033,0.316900886,0.337155919,0.266024694,0.2644431,0.258496672,0.257393925,0.240587204,0.238854595,0.24369501,0.241673951,0.255442268,0.256803968,0.264135592,0.266816139,0.266316392,0.268512511,0.26584733,0.274195433,0.274521886
GUY,Guyana,0.362331668,0.363021132,0.364541904,0.364609915,0.358176289,0.352201811,0.350895042,0.349061455,0.348806373,0.347410493,0.309001239,0.305626903,0.303660905,0.302879994,0.299079442,0.298296124,0.295429042,0.28954008,0.295967506,0.308347256,0.307906422,0.319223663,0.315173348,0.318392552,0.326222679,0.332484589,0.339542198,0.341405476
HTI,Haiti,0.246319903,0.246319862,0.244353495,0.242411827,0.244178959,0.2460403,0.235351831,0.224873417,0.221943618,0.210294124,0.205603391,0.207708686,0.213819378,0.219080787,0.223308969,0.219970633,0.216217361,0.224639506,0.23138503,0.230247923,0.228141451,0.24015837,0.239243644,0.239382243,0.232919141,0.230463389,0.222776225,0.216975902
HND,Honduras,0.264354869,0.263666783,0.274868543,0.274111031,0.272540051,0.271412112,0.273017959,0.26781312,0.268503902,0.274278531,0.265228893,0.25984348,0.275956843,0.280380863,0.292283837,0.284831842,0.27345214,0.263549859,0.268531532,0.274676647,0.275709021,0.27071456,0.271963098,0.271737897,0.264583691,0.264243346,0.25871732,0.263565206
HUN,Hungary,0.495263735,0.486052111,0.487757267,0.49173397,0.493896476,0.50121233,0.513274522,0.518639311,0.508808139,0.512739744,0.512107792,0.531667344,0.529554038,0.531113963,0.537242508,0.524993092,0.532437901,0.530646427,0.528844085,0.520413059,0.51430426,0.502450278,0.501367053,0.495222106,0.498475122,0.498491325,0.49996514,0.493164882
ISL,Iceland,0.565965453,0.563120615,0.579186933,0.613610308,0.616313794,0.649338184,0.648491376,0.67480152,0.678626512,0.686828575,0.69092572,0.713138441,0.740828585,0.725622739,0.731156481,0.731909774,0.729855825,0.712896561,0.713662064,0.754130178,0.732472335,0.715360907,0.714250326,0.733123593,0.720570508,0.712254368,0.709795818,0.700331411
IND,India,0.354885421,0.355359936,0.356278794,0.357619996,0.360720379,0.363879565,0.356776291,0.349570681,0.350144925,0.353163244,0.382122063,0.454282549,0.453094356,0.457002485,0.453935025,0.479647332,0.480738854,0.482865708,0.487500002,0.287604626,0.291264748,0.319550473,0.334997819,0.344246791,0.360213253,0.384176168,0.388196948,0.394955148
IDN,Indonesia,0.344821577,0.344963893,0.335624605,0.325154555,0.329105119,0.330885021,0.32579995,0.321245031,0.314121075,0.319501542,0.346086139,0.423903707,0.435827844,0.44482493,0.446491489,0.468024527,0.473328635,0.483281315,0.490993811,0.34886374,0.346193337,0.352381137,0.372140842,0.381040399,0.379618216,0.388208314,0.393486406,0.396698032
IRN,"Iran, Islamic Republic of",0.31739417,0.318523231,0.316698767,0.315253025,0.318314451,0.32159573,0.326830719,0.331069749,0.33791031,0.345650276,0.349661773,0.327737837,0.353714698,0.379873312,0.348218676,0.344651861,0.358313998,0.360406494,0.369178893,0.400913631,0.411916822,0.437309492,0.434947243,0.396056385,0.390231194,0.381713148,0.373983623,0.37636312
IRQ,Iraq,0.285010143,0.284811457,0.288369261,0.291921416,0.291703975,0.291712349,0.294140438,0.296845087,0.296872654,0.274964571,0.258659384,0.252118164,0.249959267,0.2560945,0.260266771,0.260239395,0.266820321,0.262315235,0.265989159,0.273721228,0.266360595,0.286632578,0.299097006,0.296710238,0.296731339,0.29234551,0.299773008,0.304720124
IRL,Ireland,0.516226319,0.519854747,0.52426675,0.530455034,0.53470671,0.539465321,0.540460533,0.542065241,0.539792142,0.537925519,0.548423462,0.602747923,0.613622824,0.612501572,0.607467335,0.602265128,0.598144608,0.58924961,0.605512481,0.627830587,0.636423968,0.614036066,0.609360282,0.611026985,0.595532977,0.596007028,0.600875764,0.604386093
ISR,Israel,0.517656329,0.520460365,0.519310774,0.518013544,0.519940844,0.522223374,0.513400682,0.50971804,0.510083328,0.512385867,0.502184462,0.523989924,0.538968247,0.542733296,0.525663392,0.536020902,0.535512584,0.533619273,0.529996918,0.54152813,0.545151135,0.532364638,0.529033584,0.526659008,0.52502461,0.537337738,0.536872857,0.534178776
ITA,Italy,0.474995536,0.475476949,0.474992518,0.473527399,0.478161374,0.494927127,0.496917454,0.498067702,0.497203683,0.496857774,0.509793733,0.517708725,0.51928128,0.513112319,0.508851888,0.509920837,0.505282746,0.495081886,0.495179698,0.510584288,0.514630688,0.508861265,0.504764898,0.518641981,0.521287678,0.522400839,0.530502876,0.532319247
JAM,Jamaica,0.369430586,0.369051737,0.36877801,0.367669771,0.364491174,0.349539842,0.326433161,0.353690715,0.353336336,0.357909437,0.34858293,0.336917686,0.339821387,0.342005905,0.343035224,0.337095089,0.349654182,0.348832526,0.360461724,0.369803295,0.361794821,0.385612782,0.389466166,0.397902706,0.393772893,0.40300383,0.407259973,0.412309964
JPN,Japan,0.577539677,0.580409785,0.581016113,0.580900357,0.586900753,0.592943298,0.590063279,0.587298581,0.601796892,0.609568389,0.634324284,0.710729202,0.708902969,0.71183679,0.717035199,0.742319312,0.745780772,0.750595048,0.759030244,0.710890859,0.703798437,0.688221334,0.694220484,0.689309911,0.688133048,0.686124943,0.687828489,0.690445874
JOR,Jordan,0.357976455,0.359164734,0.366024616,0.371470563,0.370734792,0.370195644,0.360801913,0.350115992,0.37535885,0.380436286,0.384835598,0.385011392,0.399634083,0.407471601,0.399092432,0.398030401,0.400312421,0.409625947,0.406981204,0.418032356,0.418254589,0.407203697,0.405347591,0.403133253,0.3986542,0.408049788,0.407569452,0.411320057
KAZ,Kazakhstan,0.360094233,0.358003511,0.36638105,0.373019432,0.372530936,0.375502684,0.385526366,0.392217081,0.406773734,0.407173878,0.419980686,0.393440524,0.408144866,0.408794461,0.426311852,0.428321912,0.424880143,0.435795906,0.450312186,0.474391101,0.466887321,0.488555449,0.507580174,0.50283132,0.509563733,0.511398781,0.514021404,0.513297981
KEN,Kenya,0.290796012,0.290799181,0.289442813,0.28758998,0.285889559,0.28426464,0.285939442,0.287656935,0.285531795,0.291096734,0.279722661,0.264736166,0.260201348,0.261506647,0.26527521,0.257585033,0.248691261,0.241541492,0.249225233,0.259770371,0.255177313,0.274245562,0.28789558,0.297285254,0.296302667,0.300528874,0.306038085,0.3100915
KIR,Kiribati,0.501310989,0.501310989,0.502138052,0.502965115,0.502513377,0.502061638,0.501990844,0.50192005,0.501903804,0.495998507,0.477509925,0.489160773,0.490365248,0.473255648,0.461677245,0.435543564,0.432826702,0.431737296,0.433953942,0.441241113,0.436606875,0.432666061,0.443757685,0.44263013,0.45299024,0.457058055,0.449250408,0.444073793
PRK,"Korea, Democratic People's Repub",0.360021137,0.36001453,0.363344648,0.366675341,0.371074196,0.375473619,0.382286016,0.388718169,0.37696466,0.370671071,0.372281945,0.360498301,0.373186812,0.376563504,0.363543043,0.355750613,0.355706906,0.360841996,0.351068586,0.338073672,0.333305808,0.337735566,0.338792118,0.34116947,0.340623391,0.340105332,0.340327731,0.340298064
KOR,"Korea, Republic of",0.538735806,0.543947408,0.555493633,0.553551059,0.566925662,0.581231417,0.593801444,0.602715366,0.606279425,0.614844958,0.626188073,0.65292193,0.67369162,0.669793159,0.675447181,0.705265673,0.70856337,0.709281546,0.720792164,0.73507849,0.728949538,0.713231205,0.717744617,0.723241099,0.720786151,0.721316611,0.725779721,0.729504468
KWT,Kuwait,0.37637836,0.377319425,0.376471974,0.376271957,0.378405861,0.381261501,0.384644464,0.388930664,0.394817507,0.398491647,0.38925836,0.394513365,0.405073902,0.404828214,0.402864866,0.410456014,0.401556357,0.399040815,0.406746967,0.410363462,0.398514767,0.406124138,0.401429086,0.411586608,0.419876464,0.458672193,0.462854177,0.468008223
KGZ,Kyrgyzstan,0.35995415,0.361186919,0.364288527,0.362742167,0.362748767,0.371552922,0.373394354,0.374764425,0.372013625,0.358671399,0.334250469,0.285457345,0.311106688,0.312180816,0.326892189,0.324946659,0.341375187,0.332777867,0.343437596,0.364009985,0.355345557,0.386580192,0.392403996,0.390754247,0.394752018,0.394424756,0.394542151,0.392827329
LAO,Lao People's Democratic Republic,0.304200075,0.304619841,0.300675801,0.297106117,0.293024626,0.288959822,0.293105251,0.297609198,0.272973486,0.279177309,0.272049666,0.270333542,0.277904568,0.287361705,0.284760492,0.269302817,0.276723711,0.288534057,0.293043076,0.298746541,0.295998885,0.311236668,0.315777368,0.32453965,0.324961481,0.329701803,0.334518233,0.333916556
LVA,Latvia,0.458951205,0.457898979,0.455825616,0.465140178,0.45205245,0.457087794,0.472626906,0.491940282,0.496652565,0.496538088,0.501777056,0.51695038,0.53372851,0.545941751,0.55212833,0.533984276,0.535131193,0.562271518,0.577039805,0.580684476,0.584476166,0.573689514,0.579789365,0.572225737,0.575952674,0.579629709,0.586601459,0.580885093
LBN,Lebanon,0.300314899,0.300581628,0.302740709,0.304505323,0.311641451,0.317146748,0.32048579,0.322440514,0.320655163,0.322248521,0.313960917,0.282758537,0.280255884,0.288019164,0.306225697,0.315635817,0.320315998,0.321379743,0.328642356,0.326759731,0.321719056,0.317285481,0.311766701,0.307701567,0.301272411,0.293797848,0.295226999,0.296065339
LSO,Lesotho,0.319691643,0.318280412,0.314333581,0.31038534,0.311941094,0.313727487,0.310293271,0.307157877,0.307881379,0.309478144,0.296598367,0.274496023,0.27031013,0.277939847,0.288214724,0.284006193,0.285082068,0.284098164,0.308243555,0.315542041,0.310031154,0.320748938,0.320328187,0.312962936,0.304738289,0.307943978,0.305163307,0.307497599
LBR,Liberia,0.270477683,0.270477449,0.276708261,0.282926035,0.285183285,0.295257303,0.29666018,0.298068554,0.296932633,0.300265847,0.331226987,0.420820925,0.25639806,0.239799957,0.260098958,0.26254049,0.262074845,0.271608839,0.281831449,0.290639992,0.286340925,0.290320829,0.291577972,0.286982309,0.276541853,0.277031817,0.281052712,0.281375024
LBY,Libyan Arab Jamahiriya,0.297474484,0.298298629,0.298560838,0.299056626,0.305430198,0.308837383,0.31244523,0.316596775,0.327381633,0.333761711,0.354587184,0.42227463,0.439214294,0.446831503,0.440666532,0.449487823,0.427495321,0.421605592,0.298805286,0.292892481,0.286718326,0.286837144,0.286266542,0.282846718,0.277668157,0.276000378,0.283563411,0.283410799
LIE,Liechtenstein,0.527161628,0.530204502,0.533071861,0.536043689,0.539397538,0.542662652,0.549021448,0.557320854,0.561395135,0.570527563,0.573003317,0.578010018,0.590834475,0.603400296,0.621145101,0.626470968,0.631656106,0.631705528,0.632370163,0.63656972,0.628367896,0.629676535,0.632824771,0.63475143,0.637747537,0.642999354,0.638880168,0.64296679
LTU,Lithuania,0.445591988,0.446656399,0.449889746,0.452381285,0.446903479,0.447320488,0.458224634,0.473110742,0.479575759,0.482855652,0.504649493,0.54536958,0.55341602,0.559966598,0.561069063,0.56256737,0.560833735,0.572107553,0.579419391,0.602462581,0.593427122,0.581008558,0.577002967,0.583226544,0.589272555,0.593283432,0.597245694,0.593974519
LUX,Luxembourg,0.525533495,0.549318813,0.542804973,0.538151044,0.523085517,0.604778789,0.567807511,0.558810522,0.522343822,0.53657021,0.555416557,0.632820906,0.569921751,0.608895248,0.622249154,0.648716761,0.655354944,0.674858594,0.680718509,0.691924087,0.699706393,0.687433348,0.681394654,0.683535049,0.666764433,0.672721045,0.655461629,0.653505983
MKD,Macedonia,0.369356934,0.359907886,0.361008575,0.362822251,0.353172866,0.348466666,0.343567165,0.338336018,0.347320526,0.360480972,0.345574403,0.349035652,0.379085562,0.382680521,0.395047606,0.398128436,0.40250241,0.424785608,0.435075488,0.471887086,0.467509195,0.462359923,0.463887201,0.461400157,0.46243677,0.464808282,0.465865812,0.469334819
MDG,Madagascar,0.305509667,0.305003027,0.304215324,0.303130154,0.306684973,0.307816685,0.308171955,0.314969589,0.325298932,0.320185845,0.3147293,0.290874654,0.297670443,0.296674221,0.280324641,0.253987623,0.255125227,0.25930885,0.256378184,0.262430957,0.26047118,0.261829635,0.26061112,0.263639007,0.262701757,0.262477699,0.263786444,0.262948974
MWI,Malawi,0.306507619,0.306548027,0.310850884,0.317020933,0.316104551,0.315367826,0.310085664,0.3048272,0.31636319,0.317422132,0.315025059,0.302601553,0.301470361,0.297431423,0.298543334,0.279508178,0.280783056,0.277311283,0.270212367,0.260762211,0.258873906,0.278944723,0.276974611,0.272571856,0.278967528,0.290155664,0.293755555,0.289300756
MYS,Malaysia,0.394942806,0.39873536,0.39311098,0.391061185,0.393337266,0.397456702,0.406314569,0.416263147,0.424582643,0.426632187,0.41618641,0.424628892,0.420193537,0.41365266,0.426269974,0.451949602,0.452418919,0.480629751,0.496021978,0.526752727,0.527793225,0.502912129,0.488952903,0.496104075,0.504979231,0.505132803,0.502617604,0.505324216
MDV,Maldives,0.378521105,0.378645845,0.379137157,0.379592506,0.391272379,0.403249036,0.408943683,0.415139449,0.425209643,0.402961919,0.426411509,0.454729064,0.436128777,0.427999342,0.427636419,0.41716396,0.410751133,0.40675027,0.395968538,0.416426271,0.413769253,0.425403838,0.421843778,0.424326039,0.438236928,0.439420507,0.445903472,0.450503243
MLI,Mali,0.318581907,0.318674276,0.320611057,0.322232826,0.321165474,0.319827242,0.320423923,0.32159201,0.32510488,0.327553482,0.322662307,0.290937217,0.300175349,0.303248663,0.297697707,0.304977324,0.30488716,0.278819487,0.282783913,0.288922597,0.288591862,0.304279856,0.303979062,0.3009537,0.295702474,0.28899688,0.287444184,0.284263198
MLT,Malta,0.437098985,0.431534761,0.457974383,0.444666891,0.455641975,0.481228785,0.492684909,0.489819436,0.496721766,0.484183724,0.509827227,0.579638919,0.589673731,0.598811087,0.59350789,0.625102657,0.617092123,0.515628545,0.521282848,0.51597961,0.522297973,0.494083484,0.507452926,0.507131902,0.49220624,0.502295204,0.499009269,0.501133823
MHL,Marshall Islands,0.338310844,0.338384243,0.338822403,0.339290682,0.347614507,0.355989421,0.356045926,0.356237807,0.357301694,0.35820093,0.35595334,0.36738362,0.3708128,0.366806933,0.366565163,0.359499767,0.369833476,0.368678982,0.376433245,0.380005014,0.394267666,0.392655818,0.403487712,0.395864711,0.403984926,0.405982983,0.410641131,0.418244046
MRT,Mauritania,0.347747543,0.347619595,0.347740222,0.347594019,0.349264434,0.350541011,0.358478006,0.366567856,0.355309123,0.345322903,0.337287167,0.307136611,0.308474692,0.291865266,0.303652632,0.282413509,0.282061224,0.294896833,0.298177928,0.312349547,0.313467775,0.345964582,0.351192989,0.359074727,0.361024321,0.35857651,0.357246443,0.359361539
MUS,Mauritius,0.428764519,0.429581961,0.433962165,0.439469484,0.440793388,0.442449603,0.450811567,0.454781527,0.453533823,0.452975821,0.43037442,0.454350039,0.460558282,0.482119674,0.486379586,0.503966606,0.513223892,0.517642819,0.524905441,0.538579613,0.539497273,0.523369449,0.522841842,0.547990597,0.549573205,0.566242116,0.565857505,0.565010797
MEX,Mexico,0.351656983,0.352084022,0.358408527,0.365073865,0.372031808,0.379789848,0.384910193,0.389906783,0.388583182,0.387727579,0.398431317,0.47523068,0.476999009,0.47640786,0.48026261,0.503930658,0.506869319,0.514888664,0.515758732,0.374928998,0.372328559,0.370329083,0.370195591,0.369962371,0.365797873,0.364857014,0.359562262,0.360954745
FSM,"Micronesia, Federated States of",0.352444354,0.352563862,0.353216276,0.354213935,0.354271373,0.354194081,0.354457594,0.354677403,0.356469509,0.366168462,0.361296941,0.370478748,0.364474079,0.349932284,0.344720961,0.339363621,0.331112634,0.336811223,0.339692726,0.347669235,0.349438873,0.355039945,0.357004234,0.35770661,0.354004788,0.357436164,0.361067244,0.364867979
MDA,"Moldova, Republic of",0.412897091,0.415598363,0.419861992,0.415625872,0.403211232,0.392229375,0.416004699,0.387298416,0.403893255,0.403662214,0.425435502,0.389906747,0.406197993,0.400739017,0.376828598,0.386792055,0.391694302,0.39214836,0.392240988,0.40281145,0.3939654,0.409916042,0.41858421,0.4235687,0.429697982,0.429854575,0.437056022,0.436796185
MCO,Monaco,0.659415149,0.664628704,0.669506428,0.607061477,0.679037586,0.662208965,0.668012519,0.696731488,0.656562911,0.703663837,0.589557224,0.700062735,0.721470135,0.724742535,0.637941329,0.707319436,0.713374748,0.667462451,0.690368188,0.720151864,0.709120485,0.749358221,0.775747304,0.689795257,0.7702376,0.709310012,0.692506387,0.696839352
MNG,Mongolia,0.404691628,0.403293078,0.414454522,0.407689752,0.405831508,0.403191851,0.410721855,0.42149832,0.415639015,0.409027703,0.402639844,0.383643616,0.383145587,0.380878116,0.385510604,0.377411176,0.380635146,0.384784607,0.400984121,0.429457001,0.423313857,0.449466183,0.453198941,0.454381516,0.458940684,0.455794258,0.461541639,0.460322831
MNE,Montenegro,0.415765822,0.415765822,0.415765822,0.415765822,0.418386919,0.421008015,0.421129547,0.420471894,0.4086289,0.4083953,0.434009114,0.49790889,0.397139111,0.420209519,0.431101627,0.428087965,0.430093828,0.453425818,0.449198374,0.465004467,0.469039957,0.45623684,0.455376693,0.464377274,0.47499598,0.466155649,0.466661051,0.467751291
MAR,Morocco,0.35564587,0.355730674,0.36188124,0.366626682,0.360472755,0.355020655,0.35288721,0.350411443,0.343133711,0.350119811,0.339976692,0.353015167,0.357011048,0.360434058,0.368316676,0.369897187,0.359079084,0.368663947,0.376187506,0.406329767,0.410421585,0.409049904,0.409888385,0.41230909,0.418721756,0.428633926,0.428070669,0.433904055
MOZ,Mozambique,0.287953407,0.287964304,0.29068838,0.293416714,0.291841598,0.290269402,0.291090913,0.291969187,0.287265975,0.286878021,0.275189758,0.273678799,0.272023316,0.274564465,0.276476985,0.279507519,0.279405487,0.268978232,0.25844116,0.274568626,0.271250945,0.261786025,0.257334129,0.266262627,0.268997479,0.262704285,0.261721348,0.262375994
MMR,Myanmar,0.238536931,0.239179311,0.239361647,0.239533673,0.238427819,0.237322696,0.238688443,0.238331253,0.239317053,0.2324889,0.259784029,0.329432288,0.32784645,0.331599156,0.329199775,0.352631199,0.362221428,0.382554933,0.194594912,0.218638317,0.229689839,0.268724347,0.272411604,0.274414519,0.272077808,0.285305936,0.258491487,0.252049767
NAM,Namibia,0.379615799,0.379175268,0.375872097,0.373724027,0.367213595,0.361176523,0.36166033,0.361187945,0.362307778,0.359149156,0.352311605,0.361848425,0.366461014,0.384315773,0.366765144,0.363982169,0.362884214,0.36787176,0.370433803,0.373418762,0.373413476,0.386726733,0.378653405,0.38508402,0.381956812,0.380009485,0.379496118,0.380898191
NRU,Nauru,0.537190008,0.537190008,0.538844134,0.54049826,0.539594783,0.538691306,0.538549718,0.53840813,0.538375637,0.536402804,0.531328478,0.540241336,0.518661154,0.501638025,0.512094913,0.535967139,0.518838835,0.521772107,0.472346679,0.38978869,0.50771956,0.526393864,0.531190199,0.562335925,0.553164774,0.560777113,0.563607251,0.574435399
NPL,Nepal,0.352077686,0.351261587,0.345509764,0.339781694,0.332327913,0.324854418,0.319012805,0.313337378,0.308742522,0.296065012,0.306467297,0.310029721,0.311307304,0.310296176,0.310270976,0.310270865,0.306855898,0.312720398,0.322459423,0.341461152,0.340259487,0.35443004,0.353992518,0.356646693,0.350256281,0.355254653,0.359266761,0.359128158
NLD,Netherlands,0.604348458,0.611478873,0.614265097,0.619389613,0.630624574,0.633610785,0.618151925,0.615242473,0.615129836,0.614146121,0.624503103,0.649765741,0.659644243,0.675990664,0.677870482,0.678784582,0.689869305,0.686394331,0.694944386,0.716878049,0.708302178,0.694088033,0.691871043,0.687520065,0.684174213,0.681014489,0.681208552,0.676022136
NZL,New Zealand,0.645792774,0.647504896,0.651254414,0.658366421,0.661918958,0.66275649,0.667280784,0.669509545,0.672353661,0.682112261,0.692295726,0.746178915,0.756532245,0.761260376,0.767763248,0.773739215,0.777998046,0.780186703,0.783690498,0.803049216,0.802086746,0.790775037,0.790986829,0.782932854,0.699490472,0.698255433,0.697936812,0.696747759
NIC,Nicaragua,0.31881776,0.318943725,0.316461197,0.315464777,0.316884704,0.319036427,0.324871156,0.331218339,0.329506319,0.33129767,0.323122332,0.29163269,0.296132394,0.291511052,0.28639917,0.273399419,0.27681794,0.289328742,0.298356656,0.301277771,0.305702078,0.302954554,0.303979084,0.278536947,0.273027358,0.27530657,0.271391552,0.272582577
NER,Niger,0.290243474,0.290245404,0.287561997,0.284880701,0.288376966,0.291867725,0.290298237,0.288770244,0.295997793,0.287460177,0.291011398,0.261544383,0.278095004,0.279297649,0.276457711,0.266103246,0.275041732,0.267236623,0.275604854,0.278683283,0.280227076,0.302800166,0.309157145,0.33306714,0.33973945,0.334747214,0.341220409,0.34183422
NGA,Nigeria,0.293486415,0.293488049,0.298790276,0.304096852,0.297399759,0.291206002,0.284023254,0.276964112,0.278464933,0.278751187,0.315164401,0.383016496,0.388499814,0.398658238,0.394224848,0.414940326,0.417345172,0.418999316,0.422397187,0.202422314,0.210768373,0.230051809,0.229823938,0.232935489,0.238920543,0.251428481,0.254953371,0.250636114
NOR,Norway,0.649821625,0.656442304,0.661129594,0.662517283,0.66680436,0.668187903,0.6714941,0.675884888,0.674426646,0.67694595,0.696821169,0.742390426,0.746234025,0.748143189,0.745455068,0.760431117,0.759649312,0.76102633,0.78526197,0.798853389,0.798771048,0.789695347,0.791202462,0.784101997,0.772758961,0.765278436,0.771847235,0.763629133
OMN,Oman,0.365403653,0.365442982,0.367117659,0.36921477,0.375030407,0.38076196,0.387807667,0.394236866,0.391478632,0.395899312,0.3925631,0.425352812,0.434669374,0.443220862,0.443434395,0.457156662,0.452438856,0.465370497,0.474396661,0.50365052,0.500857071,0.493101288,0.492868052,0.494474029,0.505090039,0.504681892,0.495809695,0.500867947
PAK,Pakistan,0.341085247,0.341086002,0.335930878,0.330784374,0.331492359,0.332331638,0.329217837,0.324375275,0.329716361,0.317548064,0.346354675,0.422318753,0.421242982,0.418450277,0.418111555,0.442190481,0.437716751,0.441743304,0.449453795,0.280592063,0.277947957,0.275601302,0.279448008,0.280547893,0.28259222,0.307567824,0.311542236,0.306755388
PLW,Palau,0.398226824,0.399431821,0.401188192,0.402944564,0.403848402,0.404752239,0.395296313,0.396545511,0.402077696,0.407176701,0.421933627,0.431708096,0.432547629,0.435290614,0.436700203,0.433129082,0.429755442,0.434098431,0.43707601,0.438614791,0.475657265,0.479231575,0.48119061,0.484340453,0.483534012,0.483556448,0.483920722,0.485215568
PAN,Panama,0.342510268,0.346428501,0.35291983,0.358440653,0.356477808,0.352134146,0.355011604,0.358208704,0.351475553,0.355377585,0.346931346,0.35527843,0.36164341,0.373259847,0.371565277,0.380715887,0.386258075,0.376638131,0.383249421,0.407093188,0.407327114,0.396699251,0.390512562,0.393335277,0.382482806,0.376348739,0.381506396,0.378250848
PNG,Papua New Guinea,0.294813623,0.294992096,0.297902496,0.30080999,0.297892975,0.294952973,0.288825276,0.282780908,0.281261171,0.278333767,0.261584332,0.261199458,0.267274021,0.263663341,0.260155313,0.270866886,0.271253799,0.274029082,0.274267024,0.29070713,0.279531999,0.289031488,0.285133703,0.289476634,0.281065204,0.287268705,0.282784467,0.288389722
PRY,Paraguay,0.276362029,0.276781908,0.272664017,0.269660338,0.267305701,0.265270785,0.265884514,0.268995606,0.274496032,0.283170707,0.285214594,0.268200929,0.277014398,0.303743853,0.306418661,0.306901002,0.314482908,0.316585918,0.319227333,0.342788459,0.347579965,0.366384758,0.364370892,0.364144322,0.360410723,0.365229584,0.359083183,0.358806519
PER,Peru,0.351695083,0.351171038,0.355135223,0.332827082,0.331103572,0.328214718,0.325955214,0.325223619,0.330241529,0.335753338,0.330421996,0.348602064,0.349672215,0.357437037,0.349935322,0.363472654,0.376389734,0.377835764,0.384748827,0.396935309,0.399293575,0.404980579,0.398130228,0.40044083,0.404836473,0.400651765,0.390115688,0.388674383
PHL,Philippines,0.32768235,0.328530594,0.330824358,0.333731885,0.319861449,0.306289436,0.309741755,0.312846053,0.299445308,0.291787767,0.303309597,0.290219555,0.290986005,0.284605089,0.284044553,0.290467336,0.302390253,0.317226312,0.328779387,0.346696132,0.340735188,0.328222673,0.330540597,0.324408079,0.327731112,0.33655308,0.334916183,0.340735132
POL,Poland,0.451025365,0.451725539,0.454916778,0.456027625,0.452746442,0.452654464,0.454667968,0.459846843,0.456389199,0.448077635,0.452791152,0.4504982,0.463730323,0.479302114,0.487298346,0.497924707,0.512540104,0.522790768,0.541939499,0.568206701,0.57446714,0.560379055,0.556356731,0.557118455,0.545596738,0.543784956,0.534697969,0.534278265
PRT,Portugal,0.448059746,0.451183609,0.452196037,0.456890775,0.458221694,0.458868233,0.466300903,0.473712513,0.473033581,0.469875996,0.469584756,0.476873894,0.495790019,0.513600602,0.519052695,0.521100083,0.53081386,0.551803014,0.562139115,0.58313501,0.596704553,0.575711002,0.581302207,0.580592902,0.578760975,0.575875287,0.57842214,0.579360927
QAT,Qatar,0.37618297,0.378236655,0.390998523,0.400621438,0.402697186,0.406150989,0.408898896,0.412214734,0.414668494,0.414619924,0.443260329,0.516874497,0.516874382,0.461867181,0.480563709,0.486999673,0.471502885,0.48324684,0.500093308,0.503150923,0.499067916,0.500291162,0.49582426,0.500392163,0.50754341,0.536652155,0.538443282,0.54519878
ROU,Romania,0.380365254,0.384729748,0.382654286,0.373097557,0.368063046,0.36834388,0.376924967,0.391481285,0.384118824,0.391196719,0.40056987,0.390399018,0.425902894,0.449317439,0.460740998,0.436460191,0.422483976,0.396709325,0.405881366,0.423911065,0.437284548,0.431055529,0.43388355,0.44023842,0.424433839,0.437061348,0.439791115,0.440441658
RUS,Russian Federation,0.388515588,0.390535374,0.388366388,0.39779251,0.409376579,0.416706385,0.432310385,0.445841618,0.44879868,0.440108773,0.471243093,0.551452816,0.558848709,0.573799065,0.562076915,0.597480941,0.594296196,0.604857396,0.612331696,0.486472833,0.511373584,0.530613515,0.527543831,0.537779297,0.545128115,0.533024934,0.518735957,0.49978233
RWA,Rwanda,0.245692681,0.245696304,0.244687309,0.243684717,0.246808604,0.250188263,0.256616746,0.262970585,0.276485365,0.283519942,0.265595079,0.262570536,0.27508743,0.289163816,0.309655029,0.341948874,0.350852904,0.351977304,0.356923681,0.387398248,0.385795915,0.401613571,0.407990022,0.412536617,0.41066081,0.42213313,0.426945506,0.427442916
KNA,Saint Kitts and Nevis,0.430059771,0.431404081,0.432713375,0.434292349,0.435244577,0.436511306,0.437759239,0.444895611,0.45468282,0.463091684,0.528125268,0.499565006,0.492947659,0.503527501,0.525504611,0.551354089,0.557299656,0.564085481,0.574695863,0.534055608,0.569396409,0.55964125,0.578888414,0.557500746,0.557848833,0.562145036,0.561129478,0.562247038
LCA,Saint Lucia,0.440728068,0.441033094,0.436696132,0.432372844,0.438488595,0.445141969,0.439376056,0.434974035,0.452240886,0.452286839,0.506599425,0.461338397,0.453734551,0.460619292,0.464686837,0.465527392,0.467116728,0.458165957,0.464911,0.460843229,0.46539979,0.469049932,0.461560042,0.456512374,0.449010748,0.452428045,0.451927312,0.454542886
VCT,Saint Vincent and the Grenadines,0.429427109,0.429795926,0.431325431,0.43300098,0.434486711,0.435573331,0.431211738,0.426451933,0.440260411,0.445471333,0.503446339,0.479463523,0.473527798,0.480201619,0.484359218,0.493298172,0.498283549,0.498125604,0.4847123,0.490004272,0.49127066,0.480210779,0.47390625,0.477031528,0.481549093,0.489560327,0.489855537,0.493590336
WSM,Samoa,0.361980599,0.362035476,0.362543058,0.363023077,0.364218378,0.360866413,0.361801738,0.362669178,0.365406693,0.358162698,0.368684716,0.388775698,0.388544828,0.384557907,0.374977001,0.391792876,0.403658189,0.407274098,0.413922488,0.429809326,0.429567876,0.42713019,0.437076751,0.434812006,0.438782446,0.437449814,0.434370514,0.436425645
SMR,San Marino,0.564473791,0.5648796,0.565579046,0.568230096,0.58173018,0.585371939,0.586822947,0.587636341,0.587775377,0.588486268,0.607793521,0.680756902,0.682951958,0.691074186,0.697115205,0.718834705,0.712731419,0.715196047,0.623105983,0.584522826,0.643326312,0.639790703,0.638921005,0.631331433,0.627287398,0.641540624,0.645534432,0.645606503
STP,Sao Tome and Principe,0.39765895,0.397692082,0.398144351,0.39841272,0.397779302,0.398300102,0.395386592,0.392529834,0.379782577,0.373788651,0.31800415,0.301866046,0.302100167,0.304668754,0.307208737,0.309472512,0.309140624,0.339140459,0.340525867,0.351921095,0.354883453,0.357648816,0.359766481,0.363085517,0.36018206,0.360056579,0.366837939,0.371179572
SAU,Saudi Arabia,0.297621821,0.297865568,0.299827541,0.301034703,0.305616919,0.308853559,0.314487666,0.321398948,0.326432897,0.315010193,0.343000877,0.362735409,0.374391471,0.403534284,0.406557454,0.423830836,0.412866871,0.426720303,0.448664354,0.469873611,0.472431126,0.499175804,0.501285301,0.504399542,0.506019259,0.542994198,0.55135527,0.561959041
SEN,Senegal,0.335117916,0.33514099,0.334346139,0.333618467,0.336836754,0.340366233,0.345835672,0.350499747,0.340426344,0.348976153,0.332698518,0.292070082,0.293114771,0.294122008,0.316972248,0.292510508,0.292687164,0.303916162,0.308639479,0.312778243,0.318735989,0.33177327,0.330261121,0.342096434,0.345060862,0.345753731,0.348590535,0.351225144
SRB,Serbia,0.32945605,0.32945605,0.320099591,0.310743133,0.314291614,0.317840095,0.333314916,0.347596695,0.355655761,0.362670363,0.34154207,0.357087215,0.369423291,0.374218172,0.373715332,0.378218036,0.379755926,0.37937781,0.398976817,0.419813832,0.411551013,0.415406524,0.444985865,0.449283806,0.449940705,0.442804095,0.444623695,0.443952586
SYC,Seychelles,0.434596937,0.435213066,0.436362444,0.437659912,0.442150099,0.444129372,0.443663987,0.442708391,0.444734509,0.422309559,0.450484733,0.423506978,0.423520543,0.424868473,0.419092435,0.414887876,0.415964041,0.413981996,0.424224835,0.428808579,0.452600222,0.43859924,0.448888319,0.450194126,0.456371113,0.460296468,0.470495374,0.479021426
SLE,Sierra Leone,0.26648116,0.266483446,0.26423009,0.261978388,0.263628789,0.265320515,0.275007758,0.284335169,0.282105845,0.294008096,0.275200126,0.241367475,0.248176389,0.243091872,0.261579324,0.242187242,0.252173127,0.259035958,0.267803766,0.277880745,0.282674062,0.295406346,0.306749349,0.305571927,0.304894241,0.301262674,0.301051904,0.298044191
SGP,Singapore,0.567614445,0.580383822,0.589268517,0.591601097,0.604836134,0.630646346,0.633582584,0.649554998,0.647924581,0.659132723,0.657943654,0.716411992,0.731729189,0.741334728,0.724605883,0.754867972,0.769138678,0.777603057,0.790414196,0.81361195,0.810831821,0.789976781,0.795661334,0.799687695,0.80106545,0.803257056,0.808196096,0.811717839
SVK,Slovakia,0.42650417,0.422227484,0.425679973,0.426890258,0.429122304,0.434316867,0.440516519,0.451672507,0.457867114,0.463094568,0.477692662,0.501364045,0.514202292,0.513660014,0.513687244,0.508254103,0.508814777,0.502254,0.507462596,0.513111041,0.501371865,0.503256712,0.500957763,0.507982652,0.50799973,0.512290255,0.507177952,0.504515428
SVN,Slovenia,0.532617787,0.529826562,0.528985775,0.540146357,0.530238906,0.533227168,0.540863492,0.546888094,0.548258684,0.562262601,0.569742506,0.567488555,0.577899925,0.57300914,0.597793082,0.620277812,0.62776577,0.62897831,0.627309263,0.635043318,0.625678751,0.620221563,0.610820584,0.605172215,0.604944065,0.595832664,0.595263214,0.593531147
SLB,Solomon Islands,0.457729221,0.457729221,0.458776301,0.459823382,0.435351562,0.410879742,0.408839981,0.40680022,0.426557653,0.38664325,0.366962085,0.368741928,0.360157382,0.363317168,0.363727527,0.353434566,0.359345998,0.356768657,0.373650951,0.384337585,0.407687838,0.40288148,0.412506978,0.407951751,0.40910198,0.411703201,0.396150949,0.397084751
SOM,Somalia,0.266956848,0.266956848,0.274601446,0.282246043,0.284241265,0.286236487,0.287629989,0.289023491,0.270122369,0.241574816,0.283305287,0.374499609,0.367346866,0.358778671,0.368117024,0.411622701,0.413752536,0.425058123,0.433278471,0.453563175,0.457622007,0.356363884,0.358283155,0.356812172,0.351164405,0.353593083,0.351078652,0.354690675
ZAF,South Africa,0.372619252,0.370929778,0.365541532,0.362615106,0.363784042,0.37192492,0.37081579,0.369204227,0.368313571,0.371247928,0.367592122,0.368052955,0.363670649,0.362030202,0.362187318,0.351805889,0.350999089,0.351547585,0.364815474,0.371892052,0.363480942,0.382394538,0.365155646,0.359331682,0.359505813,0.356381485,0.361958841,0.354636077
ESP,Spain,0.479370683,0.48469933,0.488823179,0.49369276,0.503908596,0.516751202,0.516205913,0.519260802,0.518042339,0.517792191,0.526801488,0.535006632,0.537453984,0.53967001,0.531055571,0.523474108,0.530062887,0.532543118,0.530960533,0.537234177,0.541224985,0.541044167,0.545276132,0.540158122,0.538109464,0.532518049,0.535731893,0.531132995
LKA,Sri Lanka,0.354927698,0.353336619,0.354837401,0.35516373,0.352282202,0.347072712,0.356293397,0.364567578,0.359579375,0.357623962,0.339264259,0.336684532,0.335771491,0.337113462,0.33475239,0.329117541,0.33209089,0.337438018,0.352331574,0.369037673,0.38585971,0.38686217,0.384847401,0.388425219,0.399582429,0.395846658,0.390426014,0.378896226
SDN,Sudan,0.274006681,0.274017731,0.277578837,0.281157241,0.281873333,0.282696087,0.289578223,0.296386509,0.285735022,0.295619897,0.257674116,0.241587057,0.24044167,0.239908245,0.249309959,0.238987083,0.240190538,0.236530138,0.243833259,0.24583205,0.243661436,0.25846476,0.261379505,0.265930001,0.264096906,0.262886366,0.260319815,0.255431969
SUR,Suriname,0.368705461,0.368806428,0.37173361,0.374615496,0.373522523,0.372870226,0.372823424,0.372242989,0.377390545,0.372012156,0.393825011,0.313152573,0.313833449,0.319033387,0.315800919,0.30557098,0.309365158,0.309876508,0.314820083,0.316641979,0.322911491,0.322026024,0.333498291,0.329515446,0.324207428,0.324360929,0.329032412,0.328577523
SWZ,Swaziland,0.367879057,0.367908214,0.368438382,0.369039945,0.367779559,0.366751915,0.365995744,0.365170207,0.366732484,0.355936534,0.370206221,0.320550084,0.319880905,0.324297358,0.323236903,0.305888457,0.302341526,0.304319082,0.312971874,0.318973511,0.318426752,0.323062175,0.333582595,0.323194953,0.31838693,0.323918561,0.30945239,0.308930879
SWE,Sweden,0.621895483,0.62533803,0.629396388,0.631799118,0.643097005,0.64801253,0.654921586,0.665456551,0.669905985,0.674581974,0.6815666,0.72317812,0.726697838,0.726855765,0.725723918,0.743049575,0.750087294,0.748270608,0.748857405,0.755469377,0.75809768,0.743329524,0.739119937,0.730709982,0.727300778,0.721958465,0.725845515,0.721166313
CHE,Switzerland,0.612837055,0.613995451,0.618894526,0.624090833,0.631156351,0.638199614,0.640807528,0.643700147,0.640644945,0.641681799,0.6537703,0.696533857,0.706688734,0.706553233,0.700584954,0.714581338,0.710675637,0.711845906,0.719461618,0.731185448,0.728603213,0.714064947,0.704525372,0.70027691,0.699689953,0.69495988,0.692441805,0.693797375
SYR,Syrian Arab Republic,0.312869683,0.312151812,0.31274476,0.311522764,0.310503128,0.312500782,0.321618158,0.332426772,0.324123538,0.319616838,0.313367321,0.29510199,0.299520141,0.298224916,0.320419128,0.313994579,0.290228724,0.266370446,0.264711502,0.25692075,0.250309402,0.25197373,0.235043033,0.231600983,0.227861669,0.22518397,0.229222245,0.224958643
TJK,Tajikistan,0.282667356,0.281758344,0.284308858,0.288261514,0.292811194,0.298005331,0.305924533,0.309206687,0.312155278,0.303768234,0.326470189,0.252637545,0.259680771,0.263637105,0.262436961,0.249458727,0.259253153,0.253461911,0.255759466,0.273504589,0.279502451,0.312864854,0.312490317,0.32237476,0.324633696,0.326209984,0.322799526,0.319493435
TZA,"Tanzania, United Republic of",0.327635826,0.327670087,0.328868906,0.329973787,0.326266322,0.322543327,0.323071576,0.323641349,0.318315773,0.324701799,0.314135285,0.301253918,0.299595316,0.299416691,0.301659286,0.287960307,0.291460255,0.293480113,0.293407474,0.295331638,0.29571918,0.30635693,0.300826938,0.296173403,0.298562353,0.298549158,0.302281761,0.308469237
THA,Thailand,0.39165501,0.392993194,0.399287509,0.407590008,0.41256596,0.414552821,0.411258781,0.409733362,0.405652046,0.394709947,0.402624389,0.394032984,0.395239992,0.400141085,0.413663144,0.418245689,0.420255631,0.427305038,0.438052782,0.453771327,0.451517216,0.443860955,0.44775373,0.459140327,0.470355054,0.481929822,0.485113459,0.489771244
TLS,Timor-Leste,0.364675459,0.364675459,0.364675459,0.364675459,0.364675459,0.364675459,0.364675459,0.364675459,0.366004412,0.367440084,0.305786153,0.29272158,0.295112724,0.308348837,0.327090684,0.362429729,0.3719405,0.373725987,0.375979261,0.390277414,0.404759166,0.399307117,0.386432295,0.381787328,0.383995762,0.372352516,0.374569948,0.374568779
TGO,Togo,0.305353033,0.305346593,0.301369217,0.29738221,0.300396281,0.303439761,0.305079038,0.306764092,0.30049802,0.292982374,0.267672171,0.251851697,0.260270323,0.260329397,0.257904964,0.258358345,0.256524054,0.255826462,0.260664922,0.279497115,0.290732762,0.310840058,0.305137811,0.308648836,0.322783311,0.348215971,0.355207825,0.357799573
TON,Tonga,0.356380747,0.356650811,0.357200089,0.358108036,0.358031416,0.360092502,0.359677255,0.36183119,0.34767033,0.356085221,0.333841509,0.349726704,0.355597835,0.363666277,0.367990249,0.39354203,0.398675388,0.39950116,0.405424781,0.414319796,0.409354002,0.412194251,0.417201555,0.423442891,0.423880626,0.4244684,0.426896427,0.429733086
TTO,Trinidad and Tobago,0.406482541,0.40061645,0.404440026,0.404064151,0.397556582,0.391965041,0.389622389,0.387623317,0.383940147,0.386776851,0.407351922,0.324426891,0.331450714,0.331456486,0.329238266,0.338225694,0.344159351,0.340469492,0.346651543,0.3555336,0.35957055,0.347591094,0.348427409,0.341288865,0.336665016,0.337003638,0.338112221,0.338357674
TUN,Tunisia,0.363644985,0.365048054,0.366423448,0.368289999,0.37168549,0.373483109,0.380112639,0.387954065,0.392171542,0.395279818,0.397414805,0.421787504,0.41902893,0.423594435,0.429676538,0.427499214,0.429938701,0.422110677,0.421077169,0.435584228,0.429643299,0.418067371,0.420404199,0.419567088,0.428184179,0.440044391,0.434272646,0.436877835
TUR,Turkey,0.337341664,0.338708033,0.340850341,0.34165881,0.346901891,0.352125455,0.349060593,0.347060764,0.358379494,0.360281295,0.383550803,0.385616881,0.395276063,0.406094526,0.408308031,0.416830709,0.420392775,0.427496147,0.442350538,0.460065122,0.459296063,0.440464951,0.456321934,0.458920921,0.474572631,0.484594103,0.488573108,0.486580996
TKM,Turkmenistan,0.257780882,0.257831268,0.24880944,0.240172893,0.238580946,0.236712832,0.238374902,0.239931376,0.24138559,0.220674144,0.224448518,0.208508454,0.22389453,0.235776566,0.236394704,0.233270514,0.232753116,0.241167931,0.238985075,0.240460176,0.235618736,0.228426485,0.235834807,0.239564027,0.237713571,0.237294289,0.235621093,0.241139468
TUV,Tuvalu,0.633689317,0.633689317,0.635343443,0.636997569,0.636094092,0.635190615,0.635049027,0.634907439,0.634874946,0.635732538,0.596423972,0.571215477,0.554167657,0.541108016,0.549709477,0.540104448,0.533345433,0.504313743,0.499117359,0.541171942,0.55036428,0.5639704,0.5510798,0.571820623,0.582407893,0.598654605,0.615697279,0.623311853
UGA,Uganda,0.305437052,0.3055699,0.303896065,0.302240713,0.29373524,0.288076133,0.288257838,0.288688251,0.291462552,0.297218239,0.287654654,0.273992325,0.2777272,0.279729499,0.274869986,0.265255301,0.271414331,0.260054011,0.257659964,0.263098695,0.265561697,0.292532747,0.297593304,0.292665406,0.285220872,0.281938156,0.281261582,0.282670934
UKR,Ukraine,0.352162741,0.349498866,0.357656196,0.362672515,0.369719099,0.373927637,0.390366374,0.348719112,0.356757128,0.381433452,0.37317819,0.324665973,0.336545758,0.335105696,0.323148476,0.319612214,0.322587063,0.322708753,0.33505253,0.358880827,0.365502075,0.402285843,0.408205463,0.415832549,0.426933493,0.424400814,0.422511592,0.405508678
ARE,United Arab Emirates,0.397125605,0.397637691,0.398186244,0.399047272,0.404351311,0.410633426,0.425804486,0.439991949,0.425931712,0.427946925,0.439301608,0.477939076,0.485359312,0.487057075,0.482304139,0.508498466,0.522384196,0.530957996,0.556786476,0.581078836,0.579831939,0.564702844,0.572067738,0.573366071,0.576143569,0.582471745,0.584335271,0.587811467
GBR,United Kingdom,0.613876184,0.615939895,0.619443313,0.623163268,0.627487491,0.628262749,0.626169123,0.630010028,0.626610284,0.62501547,0.621389173,0.668031149,0.668219818,0.6656269,0.656438729,0.68200069,0.678949443,0.682155207,0.689427181,0.715225088,0.720639238,0.705042057,0.699300014,0.690939253,0.69392156,0.685407304,0.685725387,0.690574107
USA,United States,0.618124553,0.619822976,0.619258391,0.619808774,0.625529256,0.632291633,0.630386986,0.629160779,0.626046093,0.623536852,0.645608658,0.720865771,0.721856219,0.729951546,0.722891152,0.747948371,0.749763907,0.754232484,0.754026965,0.688715195,0.687096849,0.674793215,0.674286607,0.670708168,0.656535118,0.650558955,0.653645511,0.651190504
URY,Uruguay,0.415474111,0.414181883,0.418751034,0.42041835,0.418957186,0.419981735,0.420376029,0.417391002,0.420572676,0.409226988,0.408815078,0.404669396,0.417617018,0.41798897,0.430554811,0.441829367,0.442758547,0.461878383,0.478644913,0.497703282,0.492702884,0.487889214,0.488279852,0.492894803,0.493842124,0.499582243,0.512034555,0.514598405
UZB,Uzbekistan,0.297028004,0.294540041,0.289368318,0.284374836,0.286269217,0.287346377,0.301729231,0.314065327,0.315309057,0.29612677,0.26947898,0.231354429,0.245232056,0.254943851,0.251608955,0.238411433,0.2369805,0.246560059,0.261018435,0.286910069,0.292631924,0.330204628,0.338908565,0.374563432,0.382350166,0.38373561,0.407754609,0.418525789
VUT,Vanuatu,0.357843053,0.357889268,0.35881855,0.359768494,0.365204186,0.371246833,0.371091456,0.372529047,0.367993525,0.351524253,0.368106226,0.375323153,0.368782666,0.364942667,0.373440846,0.362247838,0.360804758,0.358706614,0.361252546,0.370596678,0.353196904,0.363184928,0.376499874,0.371650161,0.371795366,0.370108292,0.385290793,0.384451347
VEN,"Venezuela, Bolivarian Republic o",0.294588482,0.293929991,0.293604788,0.292353877,0.292920671,0.29323715,0.284086724,0.269380079,0.263222364,0.265684553,0.268767408,0.242418258,0.240128865,0.245238895,0.235947759,0.221033081,0.223971151,0.222358544,0.219783719,0.209422461,0.203657202,0.213978886,0.205471849,0.192609012,0.193247775,0.18637161,0.187638912,0.194386988
VNM,Viet Nam,0.345530633,0.346345172,0.346954339,0.34757248,0.34735972,0.346003375,0.341767569,0.33764916,0.338490551,0.338363452,0.35648693,0.362658008,0.368646614,0.36678219,0.367324449,0.348162219,0.355492696,0.355934075,0.365131727,0.374420473,0.379052384,0.399484503,0.401415273,0.406137445,0.414132334,0.424706917,0.427033689,0.431797003
YEM,Yemen,0.284559469,0.284567766,0.281552964,0.280023394,0.281091054,0.280642774,0.278401562,0.276456152,0.278952978,0.275439158,0.28392997,0.283617627,0.288417801,0.282145829,0.297040377,0.298611828,0.288741805,0.298849713,0.280498296,0.277346536,0.266509105,0.256576763,0.251606391,0.245377746,0.244755159,0.244164809,0.241888361,0.244421417
ZMB,Zambia,0.30964499,0.309729735,0.311893575,0.314064614,0.314789894,0.315658593,0.316520958,0.317286272,0.331772501,0.314716321,0.304184163,0.300581996,0.30643584,0.313252154,0.311323557,0.304094797,0.31142755,0.317720798,0.318086756,0.329924963,0.318153182,0.333220048,0.331873309,0.33247092,0.324370715,0.317471044,0.322763901,0.330052802
ZWE,Zimbabwe,0.277922661,0.276633725,0.272199943,0.267766698,0.248289097,0.228797485,0.222092376,0.215379768,0.219990854,0.213874141,0.201980305,0.197899198,0.192202528,0.178873871,0.170724136,0.161902404,0.161549888,0.171755826,0.176106859,0.182534433,0.192886985,0.207815536,0.209539827,0.213960073,0.21130938,0.213570613,0.21880803,0.219822154
