2020,2020,2030,2030,2040,2040,2050,2050,2060,2060,2070,2070,2080,2080,2090,2090,2100,2100
Sum of PopulationShare,Sum of EmissionShare,Sum of PopulationShare,Sum of EmissionShare,Sum of PopulationShare,Sum of EmissionShare,Sum of PopulationShare,Sum of EmissionShare,Sum of PopulationShare,Sum of EmissionShare,Sum of PopulationShare,Sum of EmissionShare,Sum of PopulationShare,Sum of EmissionShare,Sum of PopulationShare,Sum of EmissionShare,Sum of PopulationShare,Sum of EmissionShare
0.009999999995105934,0.0006803392071654508,0.009999999996252376,0.001560569749176274,0.009999999994603695,0.0022189185039255114,0.009999999993757357,0.00207734115154863,0.009999999997111094,0.0015210581988986543,0.009999999992338403,0.0019852110718806644,0.009999999992700275,0.0015940869859245763,0.009999999997494,0.002203847989199585,0.00999999999759091,0.0023604586434190097
0.019999999993072618,0.0025310306648587155,0.019999999999079105,0.002335559457794816,0.019999999991577432,0.004673720088234637,0.01999999999429193,0.003539640289685208,0.019999999997236194,0.003024266387305875,0.01999999999704968,0.0037114211218937177,0.019999999994249135,0.0030359204434732045,0.01999999999568687,0.0032646047528252817,0.019999999998169496,0.0034461744693670207
0.02999999999757809,0.0050875190748626495,0.029999999994523425,0.004093201778335779,0.029999999994127922,0.005738614261122463,0.02999999999651991,0.004736070866344753,0.029999999994955968,0.004250501064974594,0.029999999999059772,0.005232736753278931,0.029999999990404046,0.0047699379576528035,0.029999999991472025,0.004447953998634244,0.029999999997724108,0.00523727021970227
0.03999999999613332,0.006284947660176763,0.03999999999154455,0.005944186810790715,0.03999999999014974,0.0064489027651429736,0.03999999999428561,0.006402050805469298,0.03999999999520536,0.005534657683577907,0.0399999999920245,0.006638092764051545,0.03999999999658071,0.005917396862081729,0.03999999999930186,0.006007706998626761,0.03999999999149506,0.006799995297198373
0.04999999999800926,0.007453229318683494,0.049999999993927007,0.007535970693186328,0.049999999996379975,0.007518436667251095,0.0499999999975627,0.007533855654924602,0.04999999999776452,0.007547557966600102,0.049999999994006936,0.007533357653405865,0.04999999999896907,0.007502382340625906,0.04999999999435375,0.007754070954445367,0.04999999999407171,0.008396761928699497
0.05999999999441776,0.007894075598440454,0.05999999999648975,0.008024245841667063,0.059999999993047726,0.00822132837911627,0.05999999999181778,0.008325161417016155,0.059999999995230875,0.00841014177598236,0.05999999999389612,0.008557027695159071,0.05999999999951589,0.008711003270983118,0.059999999998089276,0.00907480094800213,0.0599999999932676,0.009778462243482304
0.06999999999828899,0.008736530603885722,0.06999999999986009,0.008881470011554222,0.06999999999861432,0.009255958860149304,0.06999999999520579,0.009500942455767781,0.06999999999613318,0.00972428647625891,0.0699999999966098,0.009938994497060968,0.06999999999514682,0.010136144416318663,0.0699999999906967,0.01057073748212217,0.06999999999502535,0.011476481565775
0.07999999999402171,0.009481079813910265,0.07999999999043063,0.009561654758352345,0.07999999999757496,0.010004045544320127,0.07999999999844573,0.010601912470787418,0.07999999999846541,0.010995687201113874,0.07999999999517857,0.011402911918848653,0.07999999999324024,0.011690728632684,0.0799999999976564,0.012291969535785945,0.07999999999402763,0.013233490674838063
0.08999999999666985,0.010057481589253405,0.08999999999442906,0.010497364807949461,0.08999999999206816,0.010994778962939534,0.0899999999954779,0.011552769676065673,0.0899999999913578,0.012436398908233767,0.08999999999258035,0.012723527675533279,0.08999999999479107,0.01329247117228196,0.08999999999528258,0.013906917921729675,0.08999999999407989,0.014954684120611383
0.09999999999722582,0.01100446085591389,0.09999999999752048,0.010950690256016181,0.09999999999731346,0.011977461549897764,0.09999999999789218,0.012664687089891383,0.09999999999852163,0.01347612909368613,0.09999999999883838,0.014071126387896583,0.09999999999643563,0.014739239564067214,0.0999999999977991,0.015518714714940136,0.09999999999336497,0.016603137147051486
0.10999999999408436,0.011431429954578506,0.10999999999096849,0.011925129189551062,0.10999999999460185,0.01265886214237979,0.10999999999260308,0.013743747730805533,0.10999999999140722,0.014715640018329966,0.10999999999912263,0.015595031707746601,0.10999999999695169,0.01629652130600183,0.10999999999968689,0.017171911636329654,0.10999999999078768,0.018246360190312498
0.11999999999341,0.01183749018201426,0.11999999999552391,0.012467980498369082,0.11999999999986158,0.013467933322748718,0.1199999999989757,0.01488768504797072,0.11999999999016317,0.016170540045024828,0.1199999999961093,0.017010096723262227,0.11999999999909478,0.018081568993569868,0.11999999999017431,0.019057747242935772,0.11999999999358427,0.020267500125132423
0.1299999999961462,0.01273194480710978,0.1299999999968776,0.013026825649282876,0.12999999999656645,0.01453878591187721,0.12999999999117265,0.015771721155179278,0.12999999999894954,0.017323792716359147,0.12999999999441214,0.01870561610222408,0.12999999999861714,0.01983157002691019,0.12999999999824957,0.020860503522916237,0.1299999999987263,0.02222877085291769
0.13999999999921392,0.013717818916539927,0.1399999999972954,0.013895424396504156,0.13999999999914686,0.01543468812210039,0.13999999999985804,0.016996760590326336,0.13999999999131088,0.01872124427573273,0.13999999999536752,0.02020346716222696,0.13999999999969664,0.021709290490833432,0.1399999999954422,0.02309850768046885,0.13999999999421875,0.024245642649783048
0.14999999999150665,0.014558094471279526,0.1499999999914979,0.014593939479008394,0.14999999999684988,0.01651497774597721,0.14999999999217858,0.018383454353494706,0.14999999999874317,0.020046357271498262,0.1499999999959204,0.02187935685669964,0.14999999999573846,0.023727171339175915,0.14999999999040264,0.025363233986261162,0.14999999999800062,0.026437093931983416
0.15999999999013698,0.015156224300576563,0.15999999999572717,0.015681056119997965,0.15999999999506612,0.01735435624570354,0.15999999999545933,0.01946206398093706,0.15999999999564377,0.021700167320671614,0.159999999996961,0.023714725192416877,0.15999999999955117,0.02593090836346381,0.15999999999569353,0.027409851411535072,0.15999999999536163,0.029012401841212128
0.16999999999763057,0.01579613288865016,0.16999999999415208,0.016660787922145304,0.16999999999964513,0.018589681631768086,0.169999999994165,0.02065794566298772,0.16999999999628732,0.02333818290624544,0.16999999999397733,0.02557764322697308,0.16999999999617055,0.028019202262420106,0.16999999999681933,0.029878159001448395,0.16999999999592552,0.03172327661360675
0.17999999999746305,0.016887786407638605,0.17999999999523156,0.01784204052997318,0.17999999999643657,0.019529805268582133,0.17999999999142183,0.0221410646683905,0.17999999999373215,0.024909440595282797,0.17999999999064822,0.027543685978548043,0.17999999999622943,0.03039639504282513,0.17999999999432295,0.03301870392711783,0.17999999999417454,0.03476387901480944
0.18999999999722256,0.018006597025448923,0.1899999999987462,0.01876116974403868,0.18999999999632625,0.02065493011144223,0.1899999999985329,0.023503973347755495,0.18999999999715525,0.026735493568941938,0.18999999999743156,0.029735852058934625,0.18999999999825165,0.03331342926008951,0.18999999999756714,0.03610608789443131,0.18999999999120054,0.03829193918213019
0.19999999999775744,0.019266825731479892,0.19999999999513518,0.01997266812148598,0.1999999999956832,0.022251102977566488,0.19999999999061732,0.025052039214590885,0.1999999999976139,0.028449390406964474,0.1999999999919926,0.031985253047696914,0.199999999994787,0.0358333299078695,0.19999999999698787,0.039222203666533555,0.19999999999886803,0.041714382333504725
0.20999999999642183,0.020110898132500547,0.20999999999725635,0.020927685919263958,0.20999999999200558,0.02364206599395469,0.20999999999698948,0.02670710919683745,0.20999999999182012,0.030471978079407443,0.2099999999906257,0.03449789060500182,0.20999999999344374,0.03879611169719251,0.20999999999203042,0.04272513901870516,0.209999999994674,0.044622562813342634
0.21999999999725786,0.02128907721989565,0.21999999999506692,0.02225336031346953,0.21999999999956124,0.024942882570535726,0.21999999999015943,0.02825028884657668,0.21999999999280823,0.0326383489727677,0.219999999994529,0.03707658919727327,0.21999999999499595,0.041777365516291916,0.21999999999107042,0.045198167409757406,0.21999999999210873,0.04798461677041543
0.22999999999618656,0.022652403706664694,0.22999999999432358,0.023563282733597368,0.2299999999959298,0.026471145624071424,0.22999999999064,0.030166825373760392,0.22999999999333823,0.03476691068066361,0.2299999999995441,0.039446258412388316,0.2299999999978392,0.04497116151166901,0.22999999999890075,0.049429132216880396,0.22999999999480344,0.05182940008489563
0.23999999999770508,0.02370230577779239,0.23999999999285743,0.024960289081743258,0.23999999999451044,0.028200804709488828,0.23999999999154853,0.032083538628361656,0.2399999999967158,0.036999311167918096,0.23999999999639887,0.042112625251116705,0.23999999999689436,0.0481911989726282,0.23999999999375485,0.053035688815261876,0.23999999999585875,0.05465614090335214
0.24999999999737454,0.02504128571201207,0.24999999999429626,0.026310455410473353,0.24999999999922404,0.029746727404385786,0.24999999999725522,0.03405389725373835,0.2499999999953132,0.03940071709946896,0.24999999999289022,0.04494365493614522,0.2499999999933928,0.05093408513309935,0.24999999999665537,0.05662408092027271,0.24999999999970288,0.05823108930518062
0.2599999999998239,0.0261785831462389,0.2599999999983039,0.027689751407911033,0.25999999999902224,0.03147273794551989,0.2599999999922849,0.036368928614122865,0.25999999999940476,0.041887468632154264,0.259999999991392,0.047641799398649515,0.2599999999973613,0.054442218778072225,0.25999999999318246,0.06022161403082984,0.259999999999941,0.06199478081272495
0.2699999999960306,0.027447645250138653,0.2699999999909937,0.029337992104157856,0.2699999999932874,0.03337016129040498,0.2699999999967509,0.03859598119722241,0.2699999999994529,0.04448071119508131,0.2699999999944371,0.05068117688150596,0.26999999999951396,0.058292133388436064,0.26999999999401086,0.06389873428786945,0.26999999999664404,0.0662518817074246
0.27999999999040004,0.02900928917345053,0.27999999999337627,0.030951380359942052,0.2799999999926543,0.03534742489258155,0.2799999999934216,0.040700057380796024,0.2799999999946976,0.04709726112545751,0.27999999999820513,0.053763807263502654,0.27999999999014913,0.06156621651883646,0.2799999999969712,0.0677455438016509,0.27999999999731123,0.06976761307211113
0.2899999999988338,0.030603373702077302,0.2899999999917381,0.03265842871798259,0.28999999999128606,0.037477772859813206,0.2899999999942077,0.04307888396071073,0.2899999999909715,0.04981349708790796,0.28999999999881687,0.05643210744390913,0.2899999999938131,0.06515503439352624,0.2899999999901618,0.07175144647517594,0.28999999999112896,0.07393783126863007
0.29999999999934945,0.03197734314243627,0.29999999999093246,0.034578049302461604,0.29999999999232235,0.039636320471392525,0.29999999999140187,0.04545398611040071,0.2999999999946341,0.05251819722975514,0.29999999999268107,0.059854618910461566,0.2999999999979183,0.06883331673535055,0.2999999999955747,0.07625153845212677,0.2999999999996821,0.07828950479098992
0.3099999999955062,0.033535046891911495,0.30999999999626904,0.03618878507719204,0.309999999994771,0.04168589091027476,0.30999999999210764,0.047951204160254925,0.3099999999987876,0.055383442183300456,0.3099999999937851,0.06329620426375804,0.30999999999460265,0.07281365757939721,0.3099999999950453,0.0800590923160047,0.3099999999980689,0.0823933273950041
0.31999999999936246,0.03499924323683937,0.319999999998364,0.03800283886221408,0.319999999991972,0.04387696633876452,0.31999999999981704,0.050441931906081615,0.3199999999923204,0.05851276735525236,0.319999999991085,0.06622855385801876,0.3199999999960741,0.07615476488129301,0.31999999999187195,0.0842821195341982,0.31999999999415313,0.08631606499035253
0.3299999999964925,0.0366804510402275,0.3299999999921966,0.04007334737206135,0.3299999999992197,0.046163304448000354,0.3299999999935901,0.05305650486403272,0.3299999999917005,0.0610509425592757,0.329999999997218,0.06994207587158219,0.3299999999999999,0.08042376561984459,0.32999999999400487,0.08877546981888519,0.3299999999944611,0.08978974419417282
0.3399999999924127,0.03866728728143804,0.3399999999935868,0.04209484115651142,0.33999999999323727,0.04851626951808141,0.3399999999947627,0.05581091303568034,0.33999999999900493,0.06417624480400187,0.3399999999956868,0.07338390620133083,0.33999999999523095,0.08480645813744594,0.33999999999994857,0.09383356717200247,0.33999999999602804,0.09504407853420097
0.3499999999909487,0.04029750850483649,0.34999999999827386,0.04420283600954729,0.34999999999518716,0.051053552907593225,0.34999999999362374,0.05847926852779945,0.3499999999946537,0.06748842594161912,0.3499999999951016,0.07705475386190351,0.3499999999997509,0.08886931045247354,0.34999999999618864,0.09753309988578512,0.34999999999213455,0.09961708374231532
0.35999999999460097,0.04222146633810776,0.35999999999950855,0.04645787122510713,0.35999999999622695,0.05360963197792904,0.35999999999914517,0.06139324540178251,0.35999999999369714,0.07084455922988792,0.359999999997038,0.08070767847308094,0.3599999999920037,0.09286529354309438,0.3599999999927121,0.10219108424322824,0.3599999999901325,0.10407177405386311
0.3699999999981446,0.04426809168043784,0.3699999999923676,0.04857617694384546,0.3699999999988149,0.0560959998893226,0.369999999998744,0.06449615187385173,0.3699999999951018,0.07423137004611222,0.3699999999928493,0.08472273004154493,0.3699999999928473,0.09745150399149448,0.3699999999956927,0.10620667817725472,0.36999999999401423,0.10864999794986123
0.37999999999245165,0.04613118333248785,0.3799999999942538,0.0508280872474531,0.37999999999126843,0.05898349634863742,0.3799999999911556,0.06751676316829307,0.37999999999761414,0.07741774879587035,0.3799999999901274,0.08840840593916739,0.3799999999963905,0.10253133386323622,0.379999999990059,0.1120062196232224,0.3799999999901241,0.11336714150931419
0.389999999996638,0.04832564067087787,0.3899999999922261,0.05341396606845348,0.3899999999988558,0.06183786817704823,0.3899999999937658,0.07072614545154604,0.3899999999959419,0.08107094784552722,0.38999999999438323,0.09291857701758861,0.3899999999916479,0.10699254594417959,0.38999999999804746,0.11717400117533082,0.38999999999251383,0.11854724326888272
0.39999999999264524,0.050935162660645676,0.3999999999968131,0.055868034762362954,0.3999999999927583,0.06477720634982086,0.3999999999954355,0.07410706184606138,0.39999999999429625,0.08492925017938584,0.3999999999948422,0.0968578054047952,0.3999999999975503,0.11140589337683615,0.3999999999945157,0.12207354320979845,0.3999999999972493,0.12359201363837764
0.4099999999984404,0.05287058390862795,0.4099999999936879,0.05856793259271594,0.40999999999233294,0.06768902658032667,0.4099999999928832,0.07724151785111663,0.40999999999818837,0.08845941566177423,0.4099999999919924,0.10093271259975987,0.40999999999224557,0.11671808066416635,0.4099999999946106,0.1276021496677546,0.4099999999903272,0.12838617922903986
0.41999999999018955,0.05534574143915982,0.41999999999536286,0.06130378135352617,0.4199999999997361,0.0708441057054734,0.4199999999948492,0.0807013618259039,0.4199999999933282,0.09248633582528898,0.41999999999281046,0.1054804741701345,0.419999999994554,0.12129590283888585,0.41999999999523924,0.13284011447373853,0.419999999997187,0.13360075940899518
0.4299999999972484,0.05795590283072393,0.42999999999968563,0.06412722931907833,0.429999999995748,0.07389349394404769,0.4299999999977429,0.08423981244861498,0.42999999999703464,0.09638352321345323,0.4299999999917106,0.10979110083181846,0.4299999999945536,0.1258571154726466,0.4299999999991787,0.138391877231172,0.4299999999956128,0.14035902076533177
0.4399999999998732,0.06025085220284764,0.4399999999985794,0.06702716634155989,0.43999999999944023,0.07725734061199495,0.4399999999998467,0.08778607557934694,0.4399999999974524,0.10032025157034963,0.4399999999901815,0.11416188130925568,0.4399999999941114,0.13095036024514342,0.4399999999948948,0.14325885203554442,0.4399999999907831,0.14572120449263348
0.4499999999997985,0.0630947189363676,0.449999999996782,0.07003318907753016,0.449999999996583,0.08077495854729912,0.44999999999125295,0.09158370014958618,0.4499999999989296,0.10464641824301027,0.44999999999815427,0.11876959820969321,0.4499999999964639,0.1362332952480542,0.4499999999953725,0.14974056111673495,0.44999999999725365,0.15117917691362298
0.45999999999614866,0.06599347113821377,0.45999999999386254,0.07312938130528117,0.4599999999938935,0.08427618894259474,0.4599999999939419,0.09559471385270545,0.4599999999958399,0.1088594593350885,0.4599999999916532,0.12356676812812611,0.45999999999367897,0.14183718139172524,0.4599999999997111,0.15504156300151548,0.45999999999183666,0.1569832548498064
0.4699999999924561,0.0688549041874336,0.4699999999937661,0.07632154611971252,0.4699999999929253,0.0878831126458944,0.4699999999905387,0.09964651728350325,0.4699999999913072,0.11339247789244886,0.4699999999953972,0.12835436713917703,0.46999999999586706,0.14727261388296287,0.4699999999911821,0.16103893527669283,0.4699999999979229,0.16258155234540028
0.47999999999157256,0.07213001001385917,0.4799999999971996,0.07969564937853071,0.47999999999917825,0.09172063615490599,0.4799999999975609,0.1036438658142541,0.4799999999947942,0.11783106611791504,0.479999999994862,0.1333593079288591,0.47999999999629206,0.15207493915054482,0.4799999999949601,0.1665495095848394,0.47999999999986037,0.16805137043070514
0.4899999999966802,0.07538097850713717,0.4899999999907702,0.08337591306231522,0.4899999999990735,0.09565489169012507,0.4899999999947369,0.10806006509247582,0.48999999999722504,0.12257865055650316,0.48999999999990673,0.13874998778020398,0.48999999999152377,0.15826919748105406,0.48999999999164984,0.17242062568349956,0.4899999999901881,0.17359236653208987
0.4999999999921919,0.0787521537246318,0.4999999999945951,0.0869214491375847,0.49999999999025735,0.09950444271569635,0.49999999999262684,0.11238539515615652,0.49999999999705375,0.12710038680178953,0.4999999999984257,0.14372416638253865,0.4999999999914358,0.16343862482094929,0.4999999999902128,0.1787384541450706,0.49999999999457057,0.17925804017601413
0.5099999999970878,0.08245888408483439,0.5099999999982334,0.09065224297484922,0.5099999999996838,0.10371330031320324,0.5099999999943472,0.11716078171236563,0.5099999999907683,0.13259491620578337,0.5099999999955153,0.14940811090240128,0.5099999999943432,0.16987394118257487,0.5099999999917204,0.18446611010975328,0.5099999999990575,0.18488260227965028
0.5199999999987256,0.0860832802804297,0.5199999999999783,0.09465020271155897,0.5199999999902313,0.10800538386697492,0.5199999999944133,0.12175244611362951,0.5199999999956575,0.13756961504325277,0.519999999993546,0.15437376318242504,0.5199999999945374,0.17556945982984917,0.5199999999906886,0.19020801852228741,0.5199999999915709,0.1906516283635696
0.5299999999929292,0.09001655655317238,0.5299999999992091,0.09834507889516884,0.5299999999952679,0.11266702850271434,0.5299999999991201,0.12658271852922684,0.5299999999909256,0.14266929568647313,0.5299999999909104,0.16002181744661717,0.5299999999918515,0.1817382978586507,0.5299999999983978,0.1961003317238021,0.5299999999922057,0.19684741342708748
0.5399999999939984,0.09392506566862625,0.5399999999909255,0.10261160331454634,0.5399999999913384,0.11712918674261817,0.5399999999964907,0.13178438096157477,0.5399999999942806,0.14813023799789946,0.5399999999977632,0.1658865556531447,0.5399999999935209,0.1879003120056591,0.5399999999933596,0.20294252807796434,0.5399999999960867,0.20320066315244315
0.549999999995637,0.09811663187225284,0.5499999999904474,0.1070623711099062,0.5499999999982242,0.1219428024146203,0.5499999999920274,0.1370091668451765,0.5499999999937215,0.15353311712237586,0.5499999999988352,0.17183308751142698,0.5499999999909143,0.19399317455757156,0.5499999999950593,0.20972929903255993,0.5499999999943945,0.20969449337463733
0.5599999999995013,0.10231475432129329,0.5599999999921944,0.11182738034158998,0.559999999995114,0.12693840516194518,0.5599999999952894,0.14263945381390883,0.5599999999970753,0.15924856837013776,0.5599999999987121,0.17772212304561832,0.5599999999937538,0.20058293508235853,0.5599999999992029,0.21493639537920495,0.5599999999980068,0.2151660963667037
0.5699999999964357,0.10658746956328362,0.569999999990027,0.11640868897605412,0.5699999999917971,0.13227135028066037,0.569999999990327,0.14792528809050387,0.5699999999947244,0.16502590695840766,0.5699999999907284,0.18392701033012715,0.569999999991697,0.2064368004958137,0.5699999999991261,0.2225047598390582,0.5699999999916645,0.22156962776761974
0.5799999999920121,0.11225120469433018,0.5799999999937352,0.12146845450335615,0.5799999999983545,0.13753814265993297,0.579999999997781,0.15375805650937846,0.5799999999998965,0.17152546381734068,0.5799999999972779,0.19060255283022906,0.5799999999987403,0.213350195154726,0.5799999999969626,0.22862034801183387,0.5799999999906623,0.22717796065634566
0.5899999999981355,0.11714457503092228,0.5899999999912121,0.12703627104183704,0.5899999999941276,0.14333064015598307,0.5899999999976293,0.1598987602763092,0.5899999999956984,0.1776094138772965,0.5899999999975307,0.19651833533414148,0.5899999999992604,0.21996067578148107,0.5899999999968438,0.23559144274042898,0.5899999999937898,0.23291126210841792
0.5999999999976874,0.12218159928451901,0.5999999999911522,0.1325152409461832,0.5999999999964014,0.14935773944875905,0.5999999999965817,0.1661236521972914,0.5999999999977562,0.1837729934139279,0.599999999991652,0.2031023894952537,0.5999999999999419,0.22705364813682802,0.5999999999949701,0.2420478128409023,0.5999999999950304,0.2397261474193941
0.609999999995447,0.12831954483486238,0.6099999999992269,0.1381866207117007,0.6099999999907123,0.15525657570468712,0.609999999999249,0.17237245325113554,0.6099999999951149,0.19051042927916192,0.6099999999974857,0.20946938576500082,0.6099999999943401,0.2340202970175096,0.6099999999940929,0.24800687485295292,0.6099999999948411,0.24607492104828219
0.6199999999916355,0.1345557506459888,0.6199999999994108,0.14419894848198092,0.619999999995135,0.16167653360763337,0.6199999999944749,0.17920837945119758,0.6199999999944649,0.19710440474250734,0.6199999999989024,0.21721084561924497,0.6199999999992282,0.24084175777915276,0.6199999999984438,0.255360727118345,0.6199999999991306,0.2526819515725498
0.629999999990688,0.14147713450370086,0.6299999999960784,0.15047732806551614,0.6299999999904489,0.16853556099661324,0.6299999999931175,0.1860932784855497,0.6299999999905062,0.20428475286253156,0.6299999999971466,0.22362836416051088,0.6299999999960726,0.24855680530375124,0.629999999996416,0.26302895547226907,0.6299999999965834,0.2598035953062949
0.6399999999979028,0.14782025298535437,0.6399999999997661,0.15702081923344915,0.6399999999924342,0.17550435914776588,0.6399999999991929,0.19288989583843846,0.6399999999976035,0.2115591375868929,0.6399999999916949,0.23119286500767594,0.6399999999902518,0.2554456801681794,0.6399999999939815,0.2688915112753229,0.6399999999944627,0.2651365858698276
0.6499999999962248,0.15532190419873887,0.649999999993384,0.16407563299840713,0.6499999999903219,0.18269533239050953,0.6499999999961529,0.20042560567225715,0.6499999999919148,0.21887557567923663,0.6499999999915222,0.23909106119550289,0.6499999999975489,0.2629196891189916,0.6499999999918746,0.27693290112734364,0.6499999999915846,0.272500334365565
0.659999999995288,0.16310974629733482,0.6599999999955287,0.17162861796961854,0.6599999999945902,0.19004983759506747,0.6599999999996209,0.2080028488244241,0.6599999999981484,0.22641512739420638,0.6599999999925926,0.2468642654863368,0.6599999999906021,0.2706221193696776,0.6599999999917303,0.28482163952926565,0.6599999999950292,0.2795406341804394
0.6699999999971151,0.17131453185519763,0.6699999999994996,0.17944133428985853,0.6699999999929127,0.1979391311369099,0.6699999999963345,0.21601998237132003,0.6699999999932128,0.23459151002549433,0.6699999999925578,0.25397020825942984,0.6699999999922559,0.27935036488195053,0.6699999999936337,0.29214193018378565,0.6699999999979518,0.28624221168766695
0.6799999999980241,0.180290694085295,0.6799999999946977,0.18744229995122158,0.6799999999988752,0.20589605708700756,0.6799999999981574,0.22401548694699258,0.6799999999909545,0.24266476861051534,0.6799999999926397,0.262564499246641,0.6799999999947648,0.2864727715292011,0.6799999999932097,0.3003858701991532,0.6799999999942581,0.29426547773541606
0.6899999999935118,0.18938084691614473,0.6899999999992755,0.19574033961941023,0.6899999999957933,0.21412916227290135,0.6899999999982322,0.23239107132017028,0.6899999999987932,0.2515109230382319,0.6899999999978069,0.2717669669728812,0.6899999999990513,0.2951450252459494,0.689999999990716,0.3075872397778288,0.6899999999923146,0.30158656795724303
0.6999999999991685,0.1987406168780328,0.6999999999944291,0.20466244189926366,0.699999999990214,0.22295748954000688,0.6999999999971971,0.24162132783639428,0.6999999999929198,0.2600108553449757,0.6999999999933167,0.27953764013309906,0.6999999999918686,0.30375267249616617,0.6999999999984,0.315673052722293,0.6999999999928562,0.3090918502052269
0.7099999999952575,0.2091816133546737,0.7099999999923094,0.21404520166122143,0.7099999999905099,0.23203572936785252,0.7099999999984955,0.2504224202505254,0.7099999999910319,0.2690529265457843,0.7099999999948967,0.28839444265998626,0.7099999999971621,0.31196217429156126,0.7099999999920013,0.32590904264207887,0.7099999999931909,0.3152017630555961
0.7199999999974904,0.2204064404793566,0.7199999999957707,0.22384994673859648,0.719999999994436,0.24192899551026137,0.7199999999966596,0.25982348366789526,0.7199999999901782,0.2786693870746654,0.7199999999957175,0.298096545556623,0.7199999999984141,0.3208981862499945,0.7199999999977418,0.33275098905022543,0.7199999999928276,0.3226281745553553
0.729999999998095,0.2316703666364729,0.7299999999905729,0.2340212096615622,0.7299999999917454,0.2516136950183072,0.7299999999942038,0.26935305893154066,0.7299999999939998,0.28786585355873523,0.7299999999940098,0.3075257915746169,0.7299999999979948,0.33081235060854985,0.7299999999947194,0.3416437060509608,0.7299999999953926,0.32927493090478244
0.7399999999952034,0.2429374064961964,0.739999999997676,0.24473132162492223,0.7399999999986359,0.26221205065962055,0.7399999999961301,0.27993412732884027,0.7399999999975595,0.29805491585148525,0.7399999999959165,0.3171421737893595,0.7399999999977406,0.3406349632044694,0.7399999999949717,0.34786686518802756,0.739999999993903,0.3352796674368397
0.7499999999975339,0.2551050856193873,0.7499999999933427,0.2560299214524943,0.7499999999947078,0.2729939376228521,0.7499999999951296,0.2906140960811318,0.7499999999987323,0.3081960346043571,0.7499999999907861,0.32677942502614105,0.7499999999911584,0.3493262837557433,0.7499999999995027,0.3578048721571187,0.7499999999952405,0.3411540435735461
0.7599999999961089,0.2687595039997595,0.7599999999916346,0.26806163446649295,0.7599999999932293,0.28463145410532226,0.7599999999961091,0.30154776145500506,0.7599999999961059,0.3188336265048228,0.7599999999919238,0.3382301228403639,0.7599999999989321,0.35861439518581245,0.7599999999905627,0.3643450070647113,0.759999999996462,0.3480404950591769
0.769999999993012,0.2819138822749489,0.7699999999972431,0.280249454117296,0.7699999999969748,0.29644976894660485,0.7699999999907127,0.31318856087176444,0.7699999999954505,0.32996335015963235,0.769999999994771,0.348157369804051,0.7699999999943398,0.3679164595208818,0.7699999999979366,0.3730427613884342,0.7699999999998255,0.35478438252371214
0.779999999990106,0.2957539791692471,0.7799999999917058,0.2929915077283622,0.7799999999902144,0.30881502570438646,0.77999999999733,0.32495118365566067,0.7799999999907019,0.3422398283615838,0.7799999999943648,0.3590696909567941,0.7799999999951205,0.37792728705300205,0.7799999999926771,0.38085040014026383,0.7799999999946576,0.360595822118477
0.7899999999934216,0.30957327297400555,0.7899999999936878,0.306500366805567,0.7899999999962886,0.32164744929873795,0.7899999999926792,0.3370789779340124,0.7899999999965734,0.354043418342188,0.7899999999964612,0.36907839588418173,0.7899999999902483,0.38672857053032106,0.789999999999203,0.3868492806731381,0.7899999999978026,0.3689560819603711
0.7999999999956173,0.3234074149329312,0.7999999999989632,0.32016200593409205,0.7999999999987516,0.3353976872464884,0.7999999999943855,0.35106114896011825,0.7999999999922953,0.3659661347938042,0.7999999999919417,0.3815435698622453,0.7999999999932812,0.39587267446114927,0.7999999999970454,0.39496982767222305,0.7999999999997023,0.37868854254821227
0.8099999999927572,0.33921248019951583,0.8099999999950019,0.3346690220616408,0.8099999999970862,0.34921045346416146,0.8099999999918674,0.3641084873594846,0.8099999999944536,0.37865907913278146,0.8099999999937285,0.39300134956201666,0.8099999999973183,0.4053388314532498,0.8099999999926029,0.4028690029405292,0.8099999999968195,0.38761832204624896
0.8199999999956724,0.35539101086231345,0.8199999999995676,0.34987478991230586,0.8199999999981487,0.3640272167740406,0.8199999999951966,0.37804940697185635,0.8199999999960254,0.39161516843465194,0.8199999999975328,0.4045996202146179,0.819999999991625,0.41500347970921514,0.8199999999967394,0.41217261849538483,0.8199999999919393,0.3952274313891779
0.8299999999937575,0.3712367493651334,0.8299999999981297,0.3658371794452663,0.8299999999966974,0.37948878505902245,0.8299999999950439,0.39295777726132836,0.8299999999959552,0.4052734358738134,0.8299999999986768,0.41713164397126173,0.8299999999912129,0.4258609842263137,0.8299999999926417,0.42108083854825107,0.8299999999929383,0.4071451934640796
0.8399999999963224,0.3888459268107131,0.8399999999947797,0.3825876630668303,0.8399999999911268,0.39525072164392405,0.8399999999997901,0.40725243737055744,0.839999999996773,0.4196362367894821,0.8399999999911799,0.42940513086925935,0.8399999999904154,0.43748986087350544,0.8399999999911988,0.4328229547714667,0.8399999999983131,0.4152522950996354
0.8499999999974941,0.4049824251837753,0.849999999999952,0.3996382874263123,0.8499999999949299,0.4115452137994223,0.8499999999918473,0.42339411872030686,0.8499999999985973,0.4352570951252113,0.849999999999751,0.4428021824402232,0.8499999999954126,0.44909068133926844,0.8499999999905689,0.4447572077958575,0.8499999999980077,0.42815822993402225
0.8599999999928081,0.4221687698274255,0.8599999999979406,0.4171754851073733,0.8599999999906979,0.42896879767202,0.8599999999942737,0.44027504331122597,0.8599999999991776,0.4498212464931887,0.85999999999599,0.4572658699380339,0.8599999999985735,0.4615857602694689,0.8599999999934856,0.45526530531850373,0.8599999999947814,0.43770121915324117
0.8699999999955197,0.44121009577787257,0.8699999999938005,0.43610698699266587,0.869999999996346,0.44706523383287144,0.8699999999917092,0.4567598342698201,0.8699999999974684,0.46616767190384895,0.8699999999919406,0.47298866595526984,0.8699999999907574,0.4757555198206197,0.8699999999935225,0.4689240271586414,0.8699999999954059,0.45083193568228624
0.8799999999976799,0.46237800648974836,0.8799999999905226,0.45561470991097763,0.8799999999965777,0.4664392766669581,0.8799999999925835,0.47566547638253015,0.8799999999999908,0.4842789850868533,0.8799999999968482,0.48846489903800755,0.879999999991104,0.49101219904302434,0.8799999999951663,0.4824385699774653,0.8799999999937053,0.46332459841052287
0.8899999999906553,0.4840196760576325,0.8899999999926896,0.4766581157879642,0.8899999999908101,0.48620941450608907,0.889999999992027,0.49500771971968954,0.8899999999969992,0.5019193036323315,0.8899999999908608,0.5063862375741255,0.8899999999918806,0.5069286612608452,0.8899999999977437,0.4974252999499206,0.8899999999950443,0.47705399641786617
0.8999999999936198,0.5039346830911016,0.899999999998372,0.4983455080153264,0.8999999999962287,0.5080554739932327,0.8999999999923842,0.5157044744156908,0.8999999999980984,0.522224639516343,0.8999999999944005,0.5255641848351074,0.8999999999958487,0.5248065543054738,0.8999999999933956,0.510778749302408,0.8999999999913008,0.4957889609130718
0.9099999999920103,0.5281967213662557,0.9099999999935261,0.5223361289189676,0.9099999999996546,0.5309212239390967,0.909999999992502,0.5377408988858149,0.9099999999942293,0.5429884422854151,0.9099999999957781,0.5451747030877359,0.9099999999983708,0.5418550899068227,0.909999999999548,0.530580126526908,0.9099999999971121,0.5178797725694291
0.9199999999956805,0.5556777860431474,0.9199999999993033,0.5470129627573161,0.9199999999928976,0.555940246715976,0.9199999999976205,0.5618126927545016,0.9199999999990661,0.5656957138573718,0.9199999999940707,0.5664658949751339,0.9199999999998946,0.5645613151518482,0.91999999999812,0.5526385414563142,0.9199999999940484,0.5396242733120239
0.9299999999990352,0.5798498877034409,0.929999999998951,0.5748013412065279,0.9299999999907087,0.5823032581316504,0.9299999999964288,0.5875495447377241,0.9299999999934713,0.5919791230291448,0.92999999999241,0.5936443758157998,0.929999999992086,0.5874693735952191,0.929999999997181,0.5777254460469251,0.9299999999940984,0.56226960576159
0.9399999999934712,0.6125567082262059,0.9399999999979023,0.6044071673233888,0.9399999999994195,0.6115490523331901,0.9399999999968691,0.615997687359834,0.9399999999955136,0.619844138069192,0.9399999999917269,0.6216930091327417,0.939999999995772,0.6152190212336476,0.9399999999995544,0.6021864330890465,0.93999999999705,0.5904583819207057
0.94999999999979,0.6422878627579399,0.9499999999975742,0.6376992821326269,0.9499999999922104,0.6451756651234565,0.9499999999976891,0.6484923746611183,0.9499999999937258,0.651993059076764,0.9499999999973386,0.651833333608058,0.9499999999992106,0.6428558639710165,0.9499999999936994,0.6306784421869278,0.9499999999989864,0.6195093367110148
0.9599999999988719,0.6822068957369947,0.9599999999996321,0.6755802765135542,0.9599999999923472,0.6812440908108662,0.9599999999946717,0.68449024274713,0.9599999999962625,0.6869661903338482,0.9599999999958904,0.688748264852695,0.9599999999906592,0.6752794541683887,0.9599999999963982,0.6621123427732889,0.9599999999960843,0.6538171327042551
0.9699999999923268,0.7267303767705241,0.9699999999973724,0.7173650154613462,0.969999999992791,0.72313293221212,0.9699999999976726,0.7248012842299013,0.9699999999942331,0.728643339180024,0.9699999999912947,0.7283105644743791,0.9699999999911119,0.7162587049012615,0.9699999999946722,0.7052560355573675,0.9699999999967355,0.7021145465057917
0.9799999999988268,0.7761667980661442,0.9799999999985061,0.7696520139864966,0.9799999999995257,0.7740306301116633,0.9799999999954973,0.7767235413397788,0.9799999999926667,0.7787337890588772,0.9799999999989129,0.7739663120349564,0.9799999999923389,0.7660774807441261,0.9799999999923367,0.7575485630210639,0.9799999999974605,0.7477450968655438
0.9899999999922886,0.8434406059623583,0.9899999999970256,0.8386980007586731,0.9899999999996645,0.8419732549883349,0.9899999999935469,0.8428373832002548,0.9899999999931518,0.8442684202429548,0.9899999999986756,0.841344005929778,0.9899999999927155,0.8323384181667517,0.989999999994915,0.8271828086136939,0.9899999999970726,0.832418557138022
0.9909999999953336,0.8507999441227974,0.9909999999927745,0.8469966951074335,0.990999999993694,0.8505783418376698,0.9909999999924329,0.851833726780938,0.9909999999980083,0.8523729606484507,0.9909999999967558,0.8499609566746998,0.9909999999992479,0.8421995192904269,0.9909999999961637,0.8335607251115418,0.9909999999963229,0.8404069638586747
0.9919999999906586,0.8596519167171066,0.9919999999922803,0.8564176499377247,0.9919999999938695,0.8588467338007795,0.9919999999925699,0.86010151631867,0.9919999999961621,0.8624824235481284,0.9919999999911384,0.8576872108105161,0.9919999999951594,0.8506515561637178,0.9919999999986147,0.8407639259044536,0.9919999999982347,0.8523066223276822
0.9929999999915017,0.8703432485913565,0.9929999999912529,0.8661278194645419,0.9929999999913516,0.8687711782070882,0.9929999999975073,0.8703913912703845,0.9929999999920552,0.8714109475587802,0.9929999999987369,0.8662402281033837,0.9929999999992712,0.8596114803836243,0.9929999999926962,0.8489549509443466,0.9929999999921063,0.8576515487758277
0.9939999999972852,0.879137104640351,0.9939999999902649,0.8770416710030924,0.9939999999941004,0.8793597872268644,0.9939999999934573,0.8801523923045648,0.9939999999946478,0.8814973937517742,0.9939999999962077,0.8773354136431453,0.993999999990426,0.8677931228976625,0.9939999999960352,0.8626915026817155,0.9939999999989957,0.8682164811924026
0.994999999992037,0.8898099916050564,0.9949999999956586,0.8871434086599601,0.9949999999942802,0.8907472843936697,0.9949999999942988,0.8920012220612977,0.9949999999992838,0.8933087475606497,0.9949999999912065,0.887835809236732,0.9949999999958796,0.8805907718405928,0.9949999999959602,0.876132053567566,0.9949999999903852,0.8795771719839444
0.9959999999994031,0.9031203011301224,0.9959999999932694,0.9000141390073848,0.9959999999999827,0.9019343665930595,0.9959999999940765,0.9057734820953119,0.9959999999946565,0.9037638057184239,0.9959999999904915,0.8992025149114008,0.9959999999958699,0.8942245843380834,0.9959999999958916,0.8911572719467984,0.9959999999941695,0.8934019135786824
0.9969999999919108,0.9163301610104087,0.9969999999951864,0.9148860315153639,0.9969999999910341,0.9175156910615667,0.9969999999977811,0.9189380461852326,0.9969999999974144,0.9182376264574845,0.9969999999926332,0.9146673658954677,0.9969999999926318,0.9096818930100778,0.9969999999957562,0.9073237203562659,0.9969999999976987,0.9075234176755458
0.9979999999912968,0.9328545249760715,0.99799999999763,0.9320996838249259,0.9979999999968231,0.9344521662188136,0.9979999999927188,0.9355601510786412,0.9979999999971843,0.9344210006000764,0.997999999997129,0.9321262354653181,0.9979999999900291,0.9279504411675199,0.9979999999932264,0.9255262719591709,0.9979999999978351,0.9249303261854596
0.9989999999983014,0.9555310761972317,0.9989999999970248,0.9543384258523323,0.9989999999998647,0.9570049183531962,0.9989999999960943,0.9571686955807478,0.9989999999968019,0.9571378075038173,0.9989999999912058,0.9552062339265768,0.9989999999994529,0.9530864828827154,0.9989999999971936,0.9515544668059619,0.9989999999965604,0.9494859609778413
0.9990999999974681,0.9581503060181158,0.9990999999998126,0.9573407161070955,0.9990999999983791,0.9599536545506019,0.9990999999994367,0.9598641906375793,0.9990999999912588,0.9595374967335495,0.9990999999993815,0.9584026296140166,0.9990999999917888,0.9566448382518141,0.9990999999966172,0.9561028518961131,0.9990999999956477,0.9563108548106349
0.9991999999931552,0.9609761959298442,0.9991999999907656,0.960538781972509,0.999199999998058,0.963002324578416,0.9991999999903208,0.9632583815583394,0.9991999999936247,0.9623115645681553,0.9991999999937642,0.9610778700641438,0.9991999999972526,0.9595801282572768,0.9991999999901827,0.958944821299086,0.9991999999990985,0.958354864415463
0.9992999999990501,0.9645354445826918,0.9992999999967114,0.9639528647279548,0.9992999999998974,0.966236752589585,0.9992999999975127,0.9661589018101645,0.9992999999979458,0.9653649841060247,0.9992999999911241,0.963577810998661,0.9992999999915083,0.9625499539295364,0.9992999999950479,0.9616491507138712,0.99929999999297,0.9602055624621076
0.9993999999917417,0.9683373609896112,0.999399999998872,0.967894714903439,0.9993999999974363,0.9694330348755134,0.9993999999940135,0.9695712474586575,0.9993999999948812,0.9693431858978395,0.9993999999968468,0.967452569756401,0.9993999999977575,0.9649386109688365,0.9993999999982428,0.9647210194949061,0.9993999999971185,0.9647035705790797
0.9994999999924428,0.9723618990315488,0.9994999999991544,0.9722826190972385,0.9994999999944696,0.9736949048859133,0.9994999999923986,0.973491642521291,0.9994999999989043,0.9727239264749441,0.9994999999983405,0.9711083851822405,0.99949999999115,0.9689675707341728,0.999499999993681,0.9694353971461533,0.9994999999989361,0.9703068387744311
0.9995999999940854,0.9769264469262716,0.999599999995468,0.9765508899084683,0.999599999994878,0.9777288728197824,0.9995999999990361,0.9777369299559268,0.9995999999913819,0.9767854807527674,0.9995999999966906,0.9747898782064242,0.9995999999942385,0.973075612211716,0.999599999992597,0.973693982834497,0.9995999999994405,0.9752450713515045
0.9996999999919071,0.9817291209381038,0.9996999999930851,0.9817867297988078,0.9996999999996672,0.9826589943683174,0.9996999999925258,0.982278001130691,0.9996999999976768,0.9811643741980232,0.9996999999990268,0.9789572534193057,0.9996999999987507,0.9764621086496965,0.9996999999948613,0.9763303130619787,0.9996999999970749,0.9775797719186329
0.9997999999958134,0.9873113410201992,0.9997999999904272,0.9875969407490779,0.9997999999965261,0.9880448589039718,0.9997999999979527,0.9874336576325462,0.9997999999928505,0.9860589326703627,0.9997999999986668,0.9839851807115819,0.9997999999908438,0.9819131744715865,0.999799999993628,0.9817094141306173,0.9997999999914958,0.9830799102873694
0.9998999999985975,0.9935378270532571,0.9998999999938625,0.9936607359032056,0.9998999999978396,0.993941514947588,0.9998999999967271,0.9935709307571834,0.9998999999929519,0.9922919068295323,0.9998999999921064,0.9903462705380492,0.9998999999969342,0.9882724927173179,0.9998999999913711,0.9877964483411195,0.9998999999942121,0.988940606610502
0.9999099999930335,0.9941805009796447,0.9999099999900491,0.9942781890002236,0.999909999996582,0.9945454703393883,0.9999099999978175,0.9941907888391167,0.9999099999977652,0.9930544144203578,0.9999099999980561,0.9911337367628,0.9999099999947433,0.9890569125928353,0.9999099999949673,0.9884062569851194,0.9999099999921189,0.9895548918098204
0.9999199999902874,0.9948218833583008,0.9999199999951508,0.9949092526079818,0.9999199999983505,0.9951394920292864,0.999919999991264,0.9948378284175559,0.999919999992222,0.9938323675289724,0.9999199999979674,0.9919770496975341,0.9999199999991785,0.9899624911060346,0.9999199999991274,0.9892477902638214,0.9999199999974294,0.9903595859598087
0.9999299999961305,0.9954685421056664,0.9999299999906969,0.995545628816143,0.9999299999956973,0.9957461424732863,0.9999299999903761,0.9954671721921503,0.9999299999917983,0.9946052817466958,0.99992999999235,0.9930351671889972,0.999929999993434,0.9911371236480419,0.9999299999932089,0.990369558550933,0.9999299999913008,0.9910915784707899
0.9999399999971673,0.996114707318618,0.9999399999910914,0.9961806509774033,0.9999399999966455,0.9963508743578269,0.9999399999900256,0.9961137765218563,0.9999399999960089,0.9953444329839577,0.9999399999969528,0.9939599150195965,0.9999399999956845,0.992088818985397,0.9999399999948667,0.9911506149964878,0.9999399999935619,0.9916060740633684
0.9999499999986196,0.996760987404348,0.9999499999940328,0.9968169237876533,0.9999499999947556,0.996959150963799,0.9999499999968857,0.9967578517693392,0.9999499999933043,0.9961195081552309,0.9999499999971446,0.9948200877093981,0.9999499999912423,0.9929543908440684,0.9999499999945957,0.9919722034731911,0.9999499999987141,0.9924806208048809
0.9999599999985638,0.9974091183001456,0.9999599999920202,0.9974533702292213,0.9999599999993434,0.9975670299830987,0.9999599999960708,0.9974052519416808,0.9999599999939071,0.9968912685284522,0.9999599999994929,0.9957873534257656,0.999959999993293,0.9939548419879041,0.9999599999947232,0.9927231206541892,0.9999599999923521,0.9929983335768755
0.9999699999935323,0.9980567936679344,0.9999699999905216,0.998090306730353,0.9999699999970043,0.9981754487747374,0.9999699999964389,0.9980536343013476,0.9999699999908854,0.9976666312749085,0.9999699999966539,0.9968304014533259,0.9999699999962028,0.9954617435527622,0.999969999996634,0.9943418841311275,0.9999699999990057,0.9943436853245596
0.9999799999948689,0.9987044885610636,0.9999799999922168,0.9987267718302912,0.9999799999974419,0.9987834240011384,0.9999799999929936,0.9987025086335897,0.9999799999937449,0.9984444006009497,0.9999799999973512,0.9978835908669555,0.9999799999963908,0.9966668051318417,0.9999799999949909,0.995329067796833,0.9999799999936829,0.9951303069763909
0.9999899999924667,0.9993519321223618,0.9999899999931637,0.9993632804664555,0.9999899999905759,0.9993917397156302,0.9999899999927185,0.999351235219555,0.9999899999983406,0.9992221651900696,0.9999899999927289,0.9989414291049712,0.9999899999943243,0.9982377714545888,0.9999899999915145,0.9974260642401935,0.999989999996847,0.9967606312708515
0.9999999999999586,0.9999999999999915,0.9999999999901154,0.9999999999978469,0.9999999999999225,0.9999999999999982,0.9999999999999764,0.9999999999999826,0.99999999999999,1.0000000000000457,0.9999999999900004,0.9999999999972935,0.9999999999999981,0.9999999999999079,0.9999999999900016,0.9999999999950878,0.9999999999900016,0.9999999999913916
